country,category,name,field,symbol,currency,resolved_currency,file
Commodities,sectors,Broad,etf,PDBC,USD,USD,/home/runner/work/Macro-analysis/Macro-analysis/global_universe/data/daily/PDBC.csv
Commodities,sectors,Energy_Broad,etf,DBE,USD,USD,/home/runner/work/Macro-analysis/Macro-analysis/global_universe/data/daily/DBE.csv
Commodities,sectors,Crude_Oil,etf,OILK,USD,USD,/home/runner/work/Macro-analysis/Macro-analysis/global_universe/data/daily/OILK.csv
Commodities,sectors,Natural_Gas,etf,UNG,USD,USD,/home/runner/work/Macro-analysis/Macro-analysis/global_universe/data/daily/UNG.csv
Commodities,sectors,Gold,etf,GLD,USD,USD,/home/runner/work/Macro-analysis/Macro-analysis/global_universe/data/daily/GLD.csv
Commodities,sectors,Silver,etf,SLV,USD,USD,/home/runner/work/Macro-analysis/Macro-analysis/global_universe/data/daily/SLV.csv
Commodities,sectors,Palladium,etf,PALL,USD,USD,/home/runner/work/Macro-analysis/Macro-analysis/global_universe/data/daily/PALL.csv
Commodities,sectors,Platinum,etf,PPLT,USD,USD,/home/runner/work/Macro-analysis/Macro-analysis/global_universe/data/daily/PPLT.csv
Commodities,sectors,Copper,etf,CPER,USD,USD,/home/runner/work/Macro-analysis/Macro-analysis/global_universe/data/daily/CPER.csv
Commodities,sectors,Industrial_Metals,etf,BCIM,USD,USD,/home/runner/work/Macro-analysis/Macro-analysis/global_universe/data/daily/BCIM.csv
Commodities,sectors,Agriculture_Broad,etf,TILL,USD,USD,/home/runner/work/Macro-analysis/Macro-analysis/global_universe/data/daily/TILL.csv
Commodities,sectors,Dry_Bulk_Freight,etf,BDRY,USD,USD,/home/runner/work/Macro-analysis/Macro-analysis/global_universe/data/daily/BDRY.csv
Commodities,sectors,Carbon_Global,etf,KRBN,USD,USD,/home/runner/work/Macro-analysis/Macro-analysis/global_universe/data/daily/KRBN.csv
Commodities,sectors,Carbon_California,etf,KCCA,USD,USD,/home/runner/work/Macro-analysis/Macro-analysis/global_universe/data/daily/KCCA.csv
Commodities,sectors,Volatility,etf,VXX,USD,USD,/home/runner/work/Macro-analysis/Macro-analysis/global_universe/data/daily/VXX.csv
Global,sectors,Technology,etf,IXN,USD,USD,/home/runner/work/Macro-analysis/Macro-analysis/global_universe/data/daily/IXN.csv
Global,sectors,Healthcare,etf,IXJ,USD,USD,/home/runner/work/Macro-analysis/Macro-analysis/global_universe/data/daily/IXJ.csv
Global,sectors,Financials,etf,IXG,USD,USD,/home/runner/work/Macro-analysis/Macro-analysis/global_universe/data/daily/IXG.csv
Global,sectors,Cons_Discr.,etf,RXI,USD,USD,/home/runner/work/Macro-analysis/Macro-analysis/global_universe/data/daily/RXI.csv
Global,sectors,Cons_Staples,etf,KXI,USD,USD,/home/runner/work/Macro-analysis/Macro-analysis/global_universe/data/daily/KXI.csv
Global,sectors,Industrials,etf,EXI,USD,USD,/home/runner/work/Macro-analysis/Macro-analysis/global_universe/data/daily/EXI.csv
Global,sectors,Energy,etf,IXC,USD,USD,/home/runner/work/Macro-analysis/Macro-analysis/global_universe/data/daily/IXC.csv
Global,sectors,Materials,etf,MXI,USD,USD,/home/runner/work/Macro-analysis/Macro-analysis/global_universe/data/daily/MXI.csv
Global,sectors,Utilities,etf,JXI,USD,USD,/home/runner/work/Macro-analysis/Macro-analysis/global_universe/data/daily/JXI.csv
Global,sectors,Comm_Services,etf,IXP,USD,USD,/home/runner/work/Macro-analysis/Macro-analysis/global_universe/data/daily/IXP.csv
Global,sectors,Defense,etf,SHLD,USD,USD,/home/runner/work/Macro-analysis/Macro-analysis/global_universe/data/daily/SHLD.csv
Global,sectors,Real_Estate,etf,REET,USD,USD,/home/runner/work/Macro-analysis/Macro-analysis/global_universe/data/daily/REET.csv
Global,sectors,Airlines,etf,JETS,USD,USD,/home/runner/work/Macro-analysis/Macro-analysis/global_universe/data/daily/JETS.csv
Global,factors,Global_BM,etf,ACWI,USD,USD,/home/runner/work/Macro-analysis/Macro-analysis/global_universe/data/daily/ACWI.csv
Global,factors,Global_Treasury,etf,IGOV,USD,USD,/home/runner/work/Macro-analysis/Macro-analysis/global_universe/data/daily/IGOV.csv
Global,factors,Developed_World,etf,URTH,USD,USD,/home/runner/work/Macro-analysis/Macro-analysis/global_universe/data/daily/URTH.csv
Global,factors,Dividend_Growth_Global,etf,FID,USD,USD,/home/runner/work/Macro-analysis/Macro-analysis/global_universe/data/daily/FID.csv
Global,factors,High_Dividend_Global,etf,IDOG,USD,USD,/home/runner/work/Macro-analysis/Macro-analysis/global_universe/data/daily/IDOG.csv
Global,factors,Momentum_Developed,etf,IMTM,USD,USD,/home/runner/work/Macro-analysis/Macro-analysis/global_universe/data/daily/IMTM.csv
Global,factors,Quality_Global,etf,IQLT,USD,USD,/home/runner/work/Macro-analysis/Macro-analysis/global_universe/data/daily/IQLT.csv
Global,factors,IPO_Global,etf,IPOS,USD,USD,/home/runner/work/Macro-analysis/Macro-analysis/global_universe/data/daily/IPOS.csv
Global,factors,Moat_Global,etf,MOTG,USD,USD,/home/runner/work/Macro-analysis/Macro-analysis/global_universe/data/daily/MOTG.csv
Global,factors,CashFlow_Global,etf,GCOW,USD,USD,/home/runner/work/Macro-analysis/Macro-analysis/global_universe/data/daily/GCOW.csv
Global,factors,Min_Vol_Global,etf,EFAV,USD,USD,/home/runner/work/Macro-analysis/Macro-analysis/global_universe/data/daily/EFAV.csv
US,sectors,Broad_Market,etf,SPTM,USD,USD,/home/runner/work/Macro-analysis/Macro-analysis/global_universe/data/daily/SPTM.csv
US,sectors,Technology,etf,XLK,USD,USD,/home/runner/work/Macro-analysis/Macro-analysis/global_universe/data/daily/XLK.csv
US,sectors,Semiconductors,etf,SOXX,USD,USD,/home/runner/work/Macro-analysis/Macro-analysis/global_universe/data/daily/SOXX.csv
US,sectors,Software,etf,IGV,USD,USD,/home/runner/work/Macro-analysis/Macro-analysis/global_universe/data/daily/IGV.csv
US,sectors,Biotech,etf,IBB,USD,USD,/home/runner/work/Macro-analysis/Macro-analysis/global_universe/data/daily/IBB.csv
US,sectors,Healthcare,etf,XLV,USD,USD,/home/runner/work/Macro-analysis/Macro-analysis/global_universe/data/daily/XLV.csv
US,sectors,Financials,etf,XLF,USD,USD,/home/runner/work/Macro-analysis/Macro-analysis/global_universe/data/daily/XLF.csv
US,sectors,Cons_Discr.,etf,XLY,USD,USD,/home/runner/work/Macro-analysis/Macro-analysis/global_universe/data/daily/XLY.csv
US,sectors,Cons_Staples,etf,XLP,USD,USD,/home/runner/work/Macro-analysis/Macro-analysis/global_universe/data/daily/XLP.csv
US,sectors,Industrials,etf,XLI,USD,USD,/home/runner/work/Macro-analysis/Macro-analysis/global_universe/data/daily/XLI.csv
US,sectors,Energy,etf,XLE,USD,USD,/home/runner/work/Macro-analysis/Macro-analysis/global_universe/data/daily/XLE.csv
US,sectors,Materials,etf,XLB,USD,USD,/home/runner/work/Macro-analysis/Macro-analysis/global_universe/data/daily/XLB.csv
US,sectors,Utilities,etf,XLU,USD,USD,/home/runner/work/Macro-analysis/Macro-analysis/global_universe/data/daily/XLU.csv
US,sectors,Comm_Services,etf,XLC,USD,USD,/home/runner/work/Macro-analysis/Macro-analysis/global_universe/data/daily/XLC.csv
US,sectors,Real_Estate,etf,XLRE,USD,USD,/home/runner/work/Macro-analysis/Macro-analysis/global_universe/data/daily/XLRE.csv
US,sectors,Defense,etf,ITA,USD,USD,/home/runner/work/Macro-analysis/Macro-analysis/global_universe/data/daily/ITA.csv
US,sectors,Banks_Large,etf,KBWB,USD,USD,/home/runner/work/Macro-analysis/Macro-analysis/global_universe/data/daily/KBWB.csv
US,sectors,Banks_Regional,etf,KRE,USD,USD,/home/runner/work/Macro-analysis/Macro-analysis/global_universe/data/daily/KRE.csv
US,sectors,Insurance,etf,KIE,USD,USD,/home/runner/work/Macro-analysis/Macro-analysis/global_universe/data/daily/KIE.csv
US,sectors,Retail,etf,XRT,USD,USD,/home/runner/work/Macro-analysis/Macro-analysis/global_universe/data/daily/XRT.csv
US,factors,Large_Cap,index,^GSPC,USD,USD,/home/runner/work/Macro-analysis/Macro-analysis/global_universe/data/daily/IDX_GSPC.csv
US,factors,Mid_Cap,index,^SP400,USD,USD,/home/runner/work/Macro-analysis/Macro-analysis/global_universe/data/daily/IDX_SP400.csv
US,factors,Small_Cap,index,^RUT,USD,USD,/home/runner/work/Macro-analysis/Macro-analysis/global_universe/data/daily/IDX_RUT.csv
US,factors,Small_Cap_600,index,^SP600,USD,USD,/home/runner/work/Macro-analysis/Macro-analysis/global_universe/data/daily/IDX_SP600.csv
US,factors,Nasdaq_100,index,^NDX,USD,USD,/home/runner/work/Macro-analysis/Macro-analysis/global_universe/data/daily/IDX_NDX.csv
US,factors,Micro_Cap,etf,IWC,USD,USD,/home/runner/work/Macro-analysis/Macro-analysis/global_universe/data/daily/IWC.csv
US,factors,Small_Value,etf,IJS,USD,USD,/home/runner/work/Macro-analysis/Macro-analysis/global_universe/data/daily/IJS.csv
US,factors,Small_Growth,etf,IJT,USD,USD,/home/runner/work/Macro-analysis/Macro-analysis/global_universe/data/daily/IJT.csv
US,factors,Mid_Value,etf,IWS,USD,USD,/home/runner/work/Macro-analysis/Macro-analysis/global_universe/data/daily/IWS.csv
US,factors,Mid_Growth,etf,IWP,USD,USD,/home/runner/work/Macro-analysis/Macro-analysis/global_universe/data/daily/IWP.csv
US,factors,Equal_Weight,etf,RSP,USD,USD,/home/runner/work/Macro-analysis/Macro-analysis/global_universe/data/daily/RSP.csv
US,factors,Low_Vol,etf,USMV,USD,USD,/home/runner/work/Macro-analysis/Macro-analysis/global_universe/data/daily/USMV.csv
US,factors,High_Beta,etf,SPHB,USD,USD,/home/runner/work/Macro-analysis/Macro-analysis/global_universe/data/daily/SPHB.csv
US,factors,Low_Beta,etf,SPLV,USD,USD,/home/runner/work/Macro-analysis/Macro-analysis/global_universe/data/daily/SPLV.csv
US,factors,High_Dividend,etf,VYM,USD,USD,/home/runner/work/Macro-analysis/Macro-analysis/global_universe/data/daily/VYM.csv
US,factors,Dividend_Growth,etf,VIG,USD,USD,/home/runner/work/Macro-analysis/Macro-analysis/global_universe/data/daily/VIG.csv
US,factors,Value,etf,IUSV,USD,USD,/home/runner/work/Macro-analysis/Macro-analysis/global_universe/data/daily/IUSV.csv
US,factors,Growth,etf,IUSG,USD,USD,/home/runner/work/Macro-analysis/Macro-analysis/global_universe/data/daily/IUSG.csv
US,factors,Momentum,etf,MTUM,USD,USD,/home/runner/work/Macro-analysis/Macro-analysis/global_universe/data/daily/MTUM.csv
US,factors,Quality,etf,QUAL,USD,USD,/home/runner/work/Macro-analysis/Macro-analysis/global_universe/data/daily/QUAL.csv
US,factors,High_Quality,etf,SPHQ,USD,USD,/home/runner/work/Macro-analysis/Macro-analysis/global_universe/data/daily/SPHQ.csv
US,factors,Profitability,etf,COWZ,USD,USD,/home/runner/work/Macro-analysis/Macro-analysis/global_universe/data/daily/COWZ.csv
US,factors,Multi_Factor,etf,LRGF,USD,USD,/home/runner/work/Macro-analysis/Macro-analysis/global_universe/data/daily/LRGF.csv
US,factors,Wide_Moat,etf,MOAT,USD,USD,/home/runner/work/Macro-analysis/Macro-analysis/global_universe/data/daily/MOAT.csv
US,factors,US_Power,etf,ZAP,USD,USD,/home/runner/work/Macro-analysis/Macro-analysis/global_universe/data/daily/ZAP.csv
US,factors,China_Tech_US,etf,DRAG,USD,USD,/home/runner/work/Macro-analysis/Macro-analysis/global_universe/data/daily/DRAG.csv
US,factors,Manufacturing_Trad,etf,AIRR,USD,USD,/home/runner/work/Macro-analysis/Macro-analysis/global_universe/data/daily/AIRR.csv
US,factors,Pipelines,etf,TPYP,USD,USD,/home/runner/work/Macro-analysis/Macro-analysis/global_universe/data/daily/TPYP.csv
US,factors,Dividend_Aristocrats,etf,NOBL,USD,USD,/home/runner/work/Macro-analysis/Macro-analysis/global_universe/data/daily/NOBL.csv
US,factors,Preferreds,etf,PFFD,USD,USD,/home/runner/work/Macro-analysis/Macro-analysis/global_universe/data/daily/PFFD.csv
US,factors,Dividend_Growth_US,etf,SCHD,USD,USD,/home/runner/work/Macro-analysis/Macro-analysis/global_universe/data/daily/SCHD.csv
US,factors,High_Dividend_US,etf,SPYD,USD,USD,/home/runner/work/Macro-analysis/Macro-analysis/global_universe/data/daily/SPYD.csv
US,factors,IPO_US,etf,IPO,USD,USD,/home/runner/work/Macro-analysis/Macro-analysis/global_universe/data/daily/IPO.csv
US,factors,Buyback_US,etf,PKW,USD,USD,/home/runner/work/Macro-analysis/Macro-analysis/global_universe/data/daily/PKW.csv
US,factors,Mega_Cap_US,etf,XLG,USD,USD,/home/runner/work/Macro-analysis/Macro-analysis/global_universe/data/daily/XLG.csv
US,factors,Nasdaq100_EW,etf,QQQE,USD,USD,/home/runner/work/Macro-analysis/Macro-analysis/global_universe/data/daily/QQQE.csv
US,factors,Dow_30,etf,DIA,USD,USD,/home/runner/work/Macro-analysis/Macro-analysis/global_universe/data/daily/DIA.csv
US,factors,Magnificent7_US,etf,MAGS,USD,USD,/home/runner/work/Macro-analysis/Macro-analysis/global_universe/data/daily/MAGS.csv
US,factors,US_IG_Corp,etf,LQD,USD,USD,/home/runner/work/Macro-analysis/Macro-analysis/global_universe/data/daily/LQD.csv
US,factors,US_HY_Corp,etf,HYG,USD,USD,/home/runner/work/Macro-analysis/Macro-analysis/global_universe/data/daily/HYG.csv
US,factors,US_Treasuries_20Y,etf,TLT,USD,USD,/home/runner/work/Macro-analysis/Macro-analysis/global_universe/data/daily/TLT.csv
US,factors,Agg_Bond_US,etf,AGG,USD,USD,/home/runner/work/Macro-analysis/Macro-analysis/global_universe/data/daily/AGG.csv
US,factors,TIPS_US,etf,TIP,USD,USD,/home/runner/work/Macro-analysis/Macro-analysis/global_universe/data/daily/TIP.csv
US,factors,Convertibles_US,etf,CWB,USD,USD,/home/runner/work/Macro-analysis/Macro-analysis/global_universe/data/daily/CWB.csv
US,factors,MBS_US,etf,MBB,USD,USD,/home/runner/work/Macro-analysis/Macro-analysis/global_universe/data/daily/MBB.csv
US,factors,Senior_Loans_US,etf,SRLN,USD,USD,/home/runner/work/Macro-analysis/Macro-analysis/global_universe/data/daily/SRLN.csv
US,factors,Fallen_Angels_US,etf,FALN,USD,USD,/home/runner/work/Macro-analysis/Macro-analysis/global_universe/data/daily/FALN.csv
US,themes,Battery,etf,LIT,USD,USD,/home/runner/work/Macro-analysis/Macro-analysis/global_universe/data/daily/LIT.csv
US,themes,5G,etf,NXTG,USD,USD,/home/runner/work/Macro-analysis/Macro-analysis/global_universe/data/daily/NXTG.csv
US,themes,AI,etf,AIQ,USD,USD,/home/runner/work/Macro-analysis/Macro-analysis/global_universe/data/daily/AIQ.csv
US,themes,IoT,etf,SNSR,USD,USD,/home/runner/work/Macro-analysis/Macro-analysis/global_universe/data/daily/SNSR.csv
US,themes,Gaming,etf,ESPO,USD,USD,/home/runner/work/Macro-analysis/Macro-analysis/global_universe/data/daily/ESPO.csv
US,themes,Robotics,etf,BOTZ,USD,USD,/home/runner/work/Macro-analysis/Macro-analysis/global_universe/data/daily/BOTZ.csv
US,themes,Data_Center_REITs,etf,DTCR,USD,USD,/home/runner/work/Macro-analysis/Macro-analysis/global_universe/data/daily/DTCR.csv
US,themes,Blockchain,etf,BLOK,USD,USD,/home/runner/work/Macro-analysis/Macro-analysis/global_universe/data/daily/BLOK.csv
US,themes,Bitcoin_Spot,etf,IBIT,USD,USD,/home/runner/work/Macro-analysis/Macro-analysis/global_universe/data/daily/IBIT.csv
US,themes,Cybersecurity,etf,CIBR,USD,USD,/home/runner/work/Macro-analysis/Macro-analysis/global_universe/data/daily/CIBR.csv
US,themes,Smart_Factory,etf,MAKX,USD,USD,/home/runner/work/Macro-analysis/Macro-analysis/global_universe/data/daily/MAKX.csv
US,themes,Smart_Grid,etf,GRID,USD,USD,/home/runner/work/Macro-analysis/Macro-analysis/global_universe/data/daily/GRID.csv
US,themes,Quantum_Computing,etf,QTUM,USD,USD,/home/runner/work/Macro-analysis/Macro-analysis/global_universe/data/daily/QTUM.csv
US,themes,Space_Exploration,etf,UFO,USD,USD,/home/runner/work/Macro-analysis/Macro-analysis/global_universe/data/daily/UFO.csv
US,themes,Autonomous_Vehicles,etf,DRIV,USD,USD,/home/runner/work/Macro-analysis/Macro-analysis/global_universe/data/daily/DRIV.csv
US,themes,Digital_Payments,etf,IPAY,USD,USD,/home/runner/work/Macro-analysis/Macro-analysis/global_universe/data/daily/IPAY.csv
US,themes,Cloud,etf,SKYY,USD,USD,/home/runner/work/Macro-analysis/Macro-analysis/global_universe/data/daily/SKYY.csv
US,themes,Exponential_Tech,etf,XT,USD,USD,/home/runner/work/Macro-analysis/Macro-analysis/global_universe/data/daily/XT.csv
US,themes,Online_Retail,etf,IBUY,USD,USD,/home/runner/work/Macro-analysis/Macro-analysis/global_universe/data/daily/IBUY.csv
US,themes,Aging_Longevity,etf,AGNG,USD,USD,/home/runner/work/Macro-analysis/Macro-analysis/global_universe/data/daily/AGNG.csv
US,themes,Digital_Health,etf,FDHT,USD,USD,/home/runner/work/Macro-analysis/Macro-analysis/global_universe/data/daily/FDHT.csv
US,themes,Luxury,etf,KLXY,USD,USD,/home/runner/work/Macro-analysis/Macro-analysis/global_universe/data/daily/KLXY.csv
US,themes,Millennials,etf,MILN,USD,USD,/home/runner/work/Macro-analysis/Macro-analysis/global_universe/data/daily/MILN.csv
US,themes,Obesity_Treatment,etf,THNR,USD,USD,/home/runner/work/Macro-analysis/Macro-analysis/global_universe/data/daily/THNR.csv
US,themes,India_Consumer,etf,INCO,USD,USD,/home/runner/work/Macro-analysis/Macro-analysis/global_universe/data/daily/INCO.csv
US,themes,Genomics,etf,ARKG,USD,USD,/home/runner/work/Macro-analysis/Macro-analysis/global_universe/data/daily/ARKG.csv
US,themes,Pet_Care,etf,PAWZ,USD,USD,/home/runner/work/Macro-analysis/Macro-analysis/global_universe/data/daily/PAWZ.csv
US,themes,Hydrogen,etf,HYDR,USD,USD,/home/runner/work/Macro-analysis/Macro-analysis/global_universe/data/daily/HYDR.csv
US,themes,Water_Infrastructure,etf,PHO,USD,USD,/home/runner/work/Macro-analysis/Macro-analysis/global_universe/data/daily/PHO.csv
US,themes,AgTech,etf,KROP,USD,USD,/home/runner/work/Macro-analysis/Macro-analysis/global_universe/data/daily/KROP.csv
US,themes,Uranium_Nuclear,etf,NLR,USD,USD,/home/runner/work/Macro-analysis/Macro-analysis/global_universe/data/daily/NLR.csv
US,themes,Clean_Energy,etf,ICLN,USD,USD,/home/runner/work/Macro-analysis/Macro-analysis/global_universe/data/daily/ICLN.csv
US,themes,CleanTech,etf,CTEC,USD,USD,/home/runner/work/Macro-analysis/Macro-analysis/global_universe/data/daily/CTEC.csv
US,themes,Solar,etf,TAN,USD,USD,/home/runner/work/Macro-analysis/Macro-analysis/global_universe/data/daily/TAN.csv
US,themes,Disruptive_Materials,etf,DMAT,USD,USD,/home/runner/work/Macro-analysis/Macro-analysis/global_universe/data/daily/DMAT.csv
US,themes,Rare_Earths,etf,REMX,USD,USD,/home/runner/work/Macro-analysis/Macro-analysis/global_universe/data/daily/REMX.csv
Europe,sectors,Technology,etf,EXV3.DE,EUR,EUR,/home/runner/work/Macro-analysis/Macro-analysis/global_universe/data/daily/EXV3.DE.csv
Europe,sectors,Healthcare,index,SXDP.Z,GBp,EUR,/home/runner/work/Macro-analysis/Macro-analysis/global_universe/data/daily/SXDP.Z.csv
Europe,sectors,Utilities,index,SX6P.Z,GBp,EUR,/home/runner/work/Macro-analysis/Macro-analysis/global_universe/data/daily/SX6P.Z.csv
Europe,sectors,Telecom,index,SXKP.Z,EUR,EUR,/home/runner/work/Macro-analysis/Macro-analysis/global_universe/data/daily/SXKP.Z.csv
Europe,sectors,Automobiles,index,SXAP.Z,EUR,EUR,/home/runner/work/Macro-analysis/Macro-analysis/global_universe/data/daily/SXAP.Z.csv
Europe,sectors,Basic_Resrcs,index,SXPP.Z,EUR,EUR,/home/runner/work/Macro-analysis/Macro-analysis/global_universe/data/daily/SXPP.Z.csv
Europe,sectors,Chemicals,index,SX4P.Z,EUR,EUR,/home/runner/work/Macro-analysis/Macro-analysis/global_universe/data/daily/SX4P.Z.csv
Europe,sectors,Banks,etf,BNKE.L,GBP,GBP,/home/runner/work/Macro-analysis/Macro-analysis/global_universe/data/daily/BNKE.L.csv
Europe,sectors,Insurance,index,SXIP.Z,EUR,EUR,/home/runner/work/Macro-analysis/Macro-analysis/global_universe/data/daily/SXIP.Z.csv
Europe,sectors,Industrials,index,SXNP.Z,EUR,EUR,/home/runner/work/Macro-analysis/Macro-analysis/global_universe/data/daily/SXNP.Z.csv
Europe,sectors,Construction,index,SXOP.Z,EUR,EUR,/home/runner/work/Macro-analysis/Macro-analysis/global_universe/data/daily/SXOP.Z.csv
Europe,sectors,Cons_Discr.,etf,ESIC.L,GBP,GBP,/home/runner/work/Macro-analysis/Macro-analysis/global_universe/data/daily/ESIC.L.csv
Europe,sectors,Cons_Staples,etf,ESIS.L,GBP,GBP,/home/runner/work/Macro-analysis/Macro-analysis/global_universe/data/daily/ESIS.L.csv
Europe,sectors,Energy,etf,ENGE.L,GBP,GBP,/home/runner/work/Macro-analysis/Macro-analysis/global_universe/data/daily/ENGE.L.csv
Europe,sectors,Defense,etf,EUAD,USD,USD,/home/runner/work/Macro-analysis/Macro-analysis/global_universe/data/daily/EUAD.csv
Europe,sectors,Financials,etf,ESIF.L,GBP,GBP,/home/runner/work/Macro-analysis/Macro-analysis/global_universe/data/daily/ESIF.L.csv
Europe,sectors,Real_Estate,etf,XDER.L,GBp,GBp,/home/runner/work/Macro-analysis/Macro-analysis/global_universe/data/daily/XDER.L.csv
Europe,factors,Large_Cap,index,^STOXX,EUR,EUR,/home/runner/work/Macro-analysis/Macro-analysis/global_universe/data/daily/IDX_STOXX.csv
Europe,factors,Small_Cap(EMU),etf,SMEA.MI,EUR,EUR,/home/runner/work/Macro-analysis/Macro-analysis/global_universe/data/daily/SMEA.MI.csv
Europe,factors,Value,etf,IEVL.MI,EUR,EUR,/home/runner/work/Macro-analysis/Macro-analysis/global_universe/data/daily/IEVL.MI.csv
Europe,factors,Momentum,etf,CEMR.DE,EUR,EUR,/home/runner/work/Macro-analysis/Macro-analysis/global_universe/data/daily/CEMR.DE.csv
Europe,factors,Quality,etf,CEMQ.DE,EUR,EUR,/home/runner/work/Macro-analysis/Macro-analysis/global_universe/data/daily/CEMQ.DE.csv
Europe,factors,Min_Vol,etf,EUMV,USD,USD,/home/runner/work/Macro-analysis/Macro-analysis/global_universe/data/daily/EUMV.csv
Europe,factors,EuroStoxx50,index,^STOXX50E,EUR,EUR,/home/runner/work/Macro-analysis/Macro-analysis/global_universe/data/daily/IDX_STOXX50E.csv
Germany,sectors,Broad_Market,etf,EWG,USD,USD,/home/runner/work/Macro-analysis/Macro-analysis/global_universe/data/daily/EWG.csv
Germany,sectors,Technology,index,^CXPHX,EUR,EUR,/home/runner/work/Macro-analysis/Macro-analysis/global_universe/data/daily/IDX_CXPHX.csv
Germany,sectors,Healthcare,index,^CXPPX,EUR,EUR,/home/runner/work/Macro-analysis/Macro-analysis/global_universe/data/daily/IDX_CXPPX.csv
Germany,sectors,Industrials,index,^CXPNX,EUR,EUR,/home/runner/work/Macro-analysis/Macro-analysis/global_universe/data/daily/IDX_CXPNX.csv
Germany,sectors,Fin_Services,index,^CXPVX,EUR,EUR,/home/runner/work/Macro-analysis/Macro-analysis/global_universe/data/daily/IDX_CXPVX.csv
Germany,sectors,Insurance,index,^CXPIX,EUR,EUR,/home/runner/work/Macro-analysis/Macro-analysis/global_universe/data/daily/IDX_CXPIX.csv
Germany,factors,Large_Cap,index,^GDAXI,EUR,EUR,/home/runner/work/Macro-analysis/Macro-analysis/global_universe/data/daily/IDX_GDAXI.csv
Germany,factors,Mid_Cap,index,^MDAXI,EUR,EUR,/home/runner/work/Macro-analysis/Macro-analysis/global_universe/data/daily/IDX_MDAXI.csv
Germany,factors,Small_Cap,index,^SDAXI,EUR,EUR,/home/runner/work/Macro-analysis/Macro-analysis/global_universe/data/daily/IDX_SDAXI.csv
Japan,sectors,Broad_Market,etf,EWJ,USD,USD,/home/runner/work/Macro-analysis/Macro-analysis/global_universe/data/daily/EWJ.csv
Japan,sectors,Nikkei_225,index,^N225,JPY,JPY,/home/runner/work/Macro-analysis/Macro-analysis/global_universe/data/daily/IDX_N225.csv
Japan,sectors,Technology,etf,2854.T,JPY,JPY,/home/runner/work/Macro-analysis/Macro-analysis/global_universe/data/daily/2854.T.csv
Japan,sectors,Semiconductors,etf,2644.T,JPY,JPY,/home/runner/work/Macro-analysis/Macro-analysis/global_universe/data/daily/2644.T.csv
Japan,sectors,Infrastructure_JP,etf,2096.T,JPY,JPY,/home/runner/work/Macro-analysis/Macro-analysis/global_universe/data/daily/2096.T.csv
Japan,sectors,Hotel_Retail_JP,etf,2098.T,JPY,JPY,/home/runner/work/Macro-analysis/Macro-analysis/global_universe/data/daily/2098.T.csv
Japan,sectors,Logistics_JP,etf,2565.T,JPY,JPY,/home/runner/work/Macro-analysis/Macro-analysis/global_universe/data/daily/2565.T.csv
Japan,sectors,Banks,etf,1615.T,JPY,JPY,/home/runner/work/Macro-analysis/Macro-analysis/global_universe/data/daily/1615.T.csv
Japan,sectors,Foods,etf,1617.T,JPY,JPY,/home/runner/work/Macro-analysis/Macro-analysis/global_universe/data/daily/1617.T.csv
Japan,sectors,Energy_Resources,etf,1618.T,JPY,JPY,/home/runner/work/Macro-analysis/Macro-analysis/global_universe/data/daily/1618.T.csv
Japan,sectors,Construction_Materials,etf,1619.T,JPY,JPY,/home/runner/work/Macro-analysis/Macro-analysis/global_universe/data/daily/1619.T.csv
Japan,sectors,Raw_Materials_Chemicals,etf,1620.T,JPY,JPY,/home/runner/work/Macro-analysis/Macro-analysis/global_universe/data/daily/1620.T.csv
Japan,sectors,Pharmaceuticals,etf,1621.T,JPY,JPY,/home/runner/work/Macro-analysis/Macro-analysis/global_universe/data/daily/1621.T.csv
Japan,sectors,Autos_Transport_Equip,etf,1622.T,JPY,JPY,/home/runner/work/Macro-analysis/Macro-analysis/global_universe/data/daily/1622.T.csv
Japan,sectors,Steel_Nonferrous,etf,1623.T,JPY,JPY,/home/runner/work/Macro-analysis/Macro-analysis/global_universe/data/daily/1623.T.csv
Japan,sectors,Machinery,etf,1624.T,JPY,JPY,/home/runner/work/Macro-analysis/Macro-analysis/global_universe/data/daily/1624.T.csv
Japan,sectors,Electric_Precision,etf,1625.T,JPY,JPY,/home/runner/work/Macro-analysis/Macro-analysis/global_universe/data/daily/1625.T.csv
Japan,sectors,IT_Services_Others,etf,1626.T,JPY,JPY,/home/runner/work/Macro-analysis/Macro-analysis/global_universe/data/daily/1626.T.csv
Japan,sectors,Electric_Power_Gas,etf,1627.T,JPY,JPY,/home/runner/work/Macro-analysis/Macro-analysis/global_universe/data/daily/1627.T.csv
Japan,sectors,Transportation_Logistics,etf,1628.T,JPY,JPY,/home/runner/work/Macro-analysis/Macro-analysis/global_universe/data/daily/1628.T.csv
Japan,sectors,Commercial_Wholesale,etf,1629.T,JPY,JPY,/home/runner/work/Macro-analysis/Macro-analysis/global_universe/data/daily/1629.T.csv
Japan,sectors,Retail_Trade,etf,1630.T,JPY,JPY,/home/runner/work/Macro-analysis/Macro-analysis/global_universe/data/daily/1630.T.csv
Japan,sectors,Financials_ex_Banks,etf,1632.T,JPY,JPY,/home/runner/work/Macro-analysis/Macro-analysis/global_universe/data/daily/1632.T.csv
Japan,sectors,Real_Estate,etf,1633.T,JPY,JPY,/home/runner/work/Macro-analysis/Macro-analysis/global_universe/data/daily/1633.T.csv
Japan,sectors,REITs,etf,1488.T,JPY,JPY,/home/runner/work/Macro-analysis/Macro-analysis/global_universe/data/daily/1488.T.csv
Japan,factors,Small_Cap,etf,SCJ,USD,USD,/home/runner/work/Macro-analysis/Macro-analysis/global_universe/data/daily/SCJ.csv
Japan,factors,Value,etf,EWJV,USD,USD,/home/runner/work/Macro-analysis/Macro-analysis/global_universe/data/daily/EWJV.csv
Japan,factors,Gov_Bonds,etf,2561.T,JPY,JPY,/home/runner/work/Macro-analysis/Macro-analysis/global_universe/data/daily/2561.T.csv
Japan,factors,Biotech,etf,2639.T,JPY,JPY,/home/runner/work/Macro-analysis/Macro-analysis/global_universe/data/daily/2639.T.csv
Japan,factors,Quality,etf,1480.T,JPY,JPY,/home/runner/work/Macro-analysis/Macro-analysis/global_universe/data/daily/1480.T.csv
Japan,factors,Low_Vol,etf,1477.T,JPY,JPY,/home/runner/work/Macro-analysis/Macro-analysis/global_universe/data/daily/1477.T.csv
Japan,factors,Shareholder_Return,etf,2529.T,JPY,JPY,/home/runner/work/Macro-analysis/Macro-analysis/global_universe/data/daily/2529.T.csv
Japan,factors,High_Dividend_JP,etf,2564.T,JPY,JPY,/home/runner/work/Macro-analysis/Macro-analysis/global_universe/data/daily/2564.T.csv
Japan,factors,Dividend_Growth_JP,etf,1494.T,JPY,JPY,/home/runner/work/Macro-analysis/Macro-analysis/global_universe/data/daily/1494.T.csv
Japan,factors,LowVol_HighDiv_JP,etf,1399.T,JPY,JPY,/home/runner/work/Macro-analysis/Macro-analysis/global_universe/data/daily/1399.T.csv
Japan,factors,Agg_Bond_JP,etf,2510.T,JPY,JPY,/home/runner/work/Macro-analysis/Macro-analysis/global_universe/data/daily/2510.T.csv
Japan,themes,Digital_JP,etf,2626.T,JPY,JPY,/home/runner/work/Macro-analysis/Macro-analysis/global_universe/data/daily/2626.T.csv
Japan,themes,Robotics_JP,etf,2638.T,JPY,JPY,/home/runner/work/Macro-analysis/Macro-analysis/global_universe/data/daily/2638.T.csv
Japan,themes,Leisure_Entertainment_JP,etf,2645.T,JPY,JPY,/home/runner/work/Macro-analysis/Macro-analysis/global_universe/data/daily/2645.T.csv
Japan,themes,Games_JP,etf,2640.T,JPY,JPY,/home/runner/work/Macro-analysis/Macro-analysis/global_universe/data/daily/2640.T.csv
Japan,themes,Topix,etf,1306.T,JPY,JPY,/home/runner/work/Macro-analysis/Macro-analysis/global_universe/data/daily/1306.T.csv
Japan,themes,Topix30,etf,1311.T,JPY,JPY,/home/runner/work/Macro-analysis/Macro-analysis/global_universe/data/daily/1311.T.csv
Japan,themes,Nikkei225_JP,etf,1321.T,JPY,JPY,/home/runner/work/Macro-analysis/Macro-analysis/global_universe/data/daily/1321.T.csv
Japan,themes,Prime150_JP,etf,2017.T,JPY,JPY,/home/runner/work/Macro-analysis/Macro-analysis/global_universe/data/daily/2017.T.csv
Japan,themes,SmallMid_JP,etf,1493.T,JPY,JPY,/home/runner/work/Macro-analysis/Macro-analysis/global_universe/data/daily/1493.T.csv
Japan,themes,MegaCap_JP,etf,2516.T,JPY,JPY,/home/runner/work/Macro-analysis/Macro-analysis/global_universe/data/daily/2516.T.csv
Japan,themes,CleanTech_JP,etf,2637.T,JPY,JPY,/home/runner/work/Macro-analysis/Macro-analysis/global_universe/data/daily/2637.T.csv
Japan,themes,Global_Leaders_JP,etf,2641.T,JPY,JPY,/home/runner/work/Macro-analysis/Macro-analysis/global_universe/data/daily/2641.T.csv
Korea,sectors,Broad_Market,etf,EWY,USD,USD,/home/runner/work/Macro-analysis/Macro-analysis/global_universe/data/daily/EWY.csv
Korea,sectors,Technology,etf,139260.KS,KRW,KRW,/home/runner/work/Macro-analysis/Macro-analysis/global_universe/data/daily/139260.KS.csv
Korea,sectors,Semiconductors,etf,091230.KS,KRW,KRW,/home/runner/work/Macro-analysis/Macro-analysis/global_universe/data/daily/091230.KS.csv
Korea,sectors,Software,etf,157490.KS,KRW,KRW,/home/runner/work/Macro-analysis/Macro-analysis/global_universe/data/daily/157490.KS.csv
Korea,sectors,Comm_Services,etf,315270.KS,KRW,KRW,/home/runner/work/Macro-analysis/Macro-analysis/global_universe/data/daily/315270.KS.csv
Korea,sectors,Cons_Discr.,etf,139290.KS,KRW,KRW,/home/runner/work/Macro-analysis/Macro-analysis/global_universe/data/daily/139290.KS.csv
Korea,sectors,Cons_Staples,etf,227560.KS,KRW,KRW,/home/runner/work/Macro-analysis/Macro-analysis/global_universe/data/daily/227560.KS.csv
Korea,sectors,Defense,etf,449450.KS,KRW,KRW,/home/runner/work/Macro-analysis/Macro-analysis/global_universe/data/daily/449450.KS.csv
Korea,sectors,Energy,etf,139250.KS,KRW,KRW,/home/runner/work/Macro-analysis/Macro-analysis/global_universe/data/daily/139250.KS.csv
Korea,sectors,Financials,etf,139270.KS,KRW,KRW,/home/runner/work/Macro-analysis/Macro-analysis/global_universe/data/daily/139270.KS.csv
Korea,sectors,Insurance,etf,140700.KS,KRW,KRW,/home/runner/work/Macro-analysis/Macro-analysis/global_universe/data/daily/140700.KS.csv
Korea,sectors,Healthcare,etf,227540.KS,KRW,KRW,/home/runner/work/Macro-analysis/Macro-analysis/global_universe/data/daily/227540.KS.csv
Korea,sectors,Biotech,etf,244580.KS,KRW,KRW,/home/runner/work/Macro-analysis/Macro-analysis/global_universe/data/daily/244580.KS.csv
Korea,sectors,Real_Estate,etf,476800.KS,KRW,KRW,/home/runner/work/Macro-analysis/Macro-analysis/global_universe/data/daily/476800.KS.csv
Korea,sectors,Shipbuilding,etf,466920.KS,KRW,KRW,/home/runner/work/Macro-analysis/Macro-analysis/global_universe/data/daily/466920.KS.csv
Korea,sectors,Automobiles,etf,091180.KS,KRW,KRW,/home/runner/work/Macro-analysis/Macro-analysis/global_universe/data/daily/091180.KS.csv
Korea,factors,Gov_Bonds,etf,385560.KS,KRW,KRW,/home/runner/work/Macro-analysis/Macro-analysis/global_universe/data/daily/385560.KS.csv
Korea,factors,Dividend_Growth,etf,211560.KS,KRW,KRW,/home/runner/work/Macro-analysis/Macro-analysis/global_universe/data/daily/211560.KS.csv
Korea,factors,High_Dividend,etf,210780.KS,KRW,KRW,/home/runner/work/Macro-analysis/Macro-analysis/global_universe/data/daily/210780.KS.csv
Korea,factors,Momentum,etf,147970.KS,KRW,KRW,/home/runner/work/Macro-analysis/Macro-analysis/global_universe/data/daily/147970.KS.csv
Korea,factors,Quality,etf,275300.KS,KRW,KRW,/home/runner/work/Macro-analysis/Macro-analysis/global_universe/data/daily/275300.KS.csv
Korea,factors,Low_Vol,etf,215620.KS,KRW,KRW,/home/runner/work/Macro-analysis/Macro-analysis/global_universe/data/daily/215620.KS.csv
Korea,factors,Agg_Bond_KR,etf,273130.KS,KRW,KRW,/home/runner/work/Macro-analysis/Macro-analysis/global_universe/data/daily/273130.KS.csv
Korea,themes,Robotics_KR,etf,445290.KS,KRW,KRW,/home/runner/work/Macro-analysis/Macro-analysis/global_universe/data/daily/445290.KS.csv
Korea,themes,Battery_KR,etf,305540.KS,KRW,KRW,/home/runner/work/Macro-analysis/Macro-analysis/global_universe/data/daily/305540.KS.csv
Korea,themes,Clean_Energy_KR,etf,381570.KS,KRW,KRW,/home/runner/work/Macro-analysis/Macro-analysis/global_universe/data/daily/381570.KS.csv
Korea,themes,Leisure_Travel_KR,etf,228800.KS,KRW,KRW,/home/runner/work/Macro-analysis/Macro-analysis/global_universe/data/daily/228800.KS.csv
Korea,themes,Gaming_KR,etf,364990.KS,KRW,KRW,/home/runner/work/Macro-analysis/Macro-analysis/global_universe/data/daily/364990.KS.csv
Korea,themes,E_Commerce_KR,etf,322400.KS,KRW,KRW,/home/runner/work/Macro-analysis/Macro-analysis/global_universe/data/daily/322400.KS.csv
Korea,themes,Internet_KR,etf,365000.KS,KRW,KRW,/home/runner/work/Macro-analysis/Macro-analysis/global_universe/data/daily/365000.KS.csv
Korea,themes,MSCI_Korea_Local,etf,310970.KS,KRW,KRW,/home/runner/work/Macro-analysis/Macro-analysis/global_universe/data/daily/310970.KS.csv
Korea,themes,Mega_Cap_KR,etf,122090.KS,KRW,KRW,/home/runner/work/Macro-analysis/Macro-analysis/global_universe/data/daily/122090.KS.csv
Korea,themes,Large_KR_200,etf,102110.KS,KRW,KRW,/home/runner/work/Macro-analysis/Macro-analysis/global_universe/data/daily/102110.KS.csv
Korea,themes,Mid_Cap_KR,etf,277650.KS,KRW,KRW,/home/runner/work/Macro-analysis/Macro-analysis/global_universe/data/daily/277650.KS.csv
Korea,themes,Media_KR,etf,266360.KS,KRW,KRW,/home/runner/work/Macro-analysis/Macro-analysis/global_universe/data/daily/266360.KS.csv
Korea,themes,Medical_Devices_KR,etf,307510.KS,KRW,KRW,/home/runner/work/Macro-analysis/Macro-analysis/global_universe/data/daily/307510.KS.csv
Korea,themes,Securities_KR,etf,102970.KS,KRW,KRW,/home/runner/work/Macro-analysis/Macro-analysis/global_universe/data/daily/102970.KS.csv
Korea,themes,Steel_KR,etf,139240.KS,KRW,KRW,/home/runner/work/Macro-analysis/Macro-analysis/global_universe/data/daily/139240.KS.csv
Korea,themes,Cosmetics_KR,etf,228790.KS,KRW,KRW,/home/runner/work/Macro-analysis/Macro-analysis/global_universe/data/daily/228790.KS.csv
Korea,themes,Shareholder_Return_KR,etf,472720.KS,KRW,KRW,/home/runner/work/Macro-analysis/Macro-analysis/global_universe/data/daily/472720.KS.csv
China,sectors,Broad_Market,etf,FXI,USD,USD,/home/runner/work/Macro-analysis/Macro-analysis/global_universe/data/daily/FXI.csv
China,sectors,Broad_Market_US_ETF,etf,MCHI,USD,USD,/home/runner/work/Macro-analysis/Macro-analysis/global_universe/data/daily/MCHI.csv
China,sectors,Technology,etf,CQQQ,USD,USD,/home/runner/work/Macro-analysis/Macro-analysis/global_universe/data/daily/CQQQ.csv
China,sectors,Consumer,etf,CHIQ,USD,USD,/home/runner/work/Macro-analysis/Macro-analysis/global_universe/data/daily/CHIQ.csv
China,sectors,Cons_Staples,etf,CHIS,USD,USD,/home/runner/work/Macro-analysis/Macro-analysis/global_universe/data/daily/CHIS.csv
China,sectors,Financials,etf,CHIX,USD,USD,/home/runner/work/Macro-analysis/Macro-analysis/global_universe/data/daily/CHIX.csv
China,sectors,Financials_Local,etf,510230.SS,CNY,CNY,/home/runner/work/Macro-analysis/Macro-analysis/global_universe/data/daily/510230.SS.csv
China,sectors,Industrials,etf,CHII,USD,USD,/home/runner/work/Macro-analysis/Macro-analysis/global_universe/data/daily/CHII.csv
China,sectors,Materials,etf,CHIM,USD,USD,/home/runner/work/Macro-analysis/Macro-analysis/global_universe/data/daily/CHIM.csv
China,sectors,Energy,etf,CHIE,USD,USD,/home/runner/work/Macro-analysis/Macro-analysis/global_universe/data/daily/CHIE.csv
China,sectors,Utilities,etf,CHIU,USD,USD,/home/runner/work/Macro-analysis/Macro-analysis/global_universe/data/daily/CHIU.csv
China,sectors,Comm_Services,etf,CHIC,USD,USD,/home/runner/work/Macro-analysis/Macro-analysis/global_universe/data/daily/CHIC.csv
China,sectors,Real_Estate,etf,CHIR,USD,USD,/home/runner/work/Macro-analysis/Macro-analysis/global_universe/data/daily/CHIR.csv
China,sectors,Healthcare,etf,CHIH,USD,USD,/home/runner/work/Macro-analysis/Macro-analysis/global_universe/data/daily/CHIH.csv
China,sectors,Banks_Local,etf,512800.SS,CNY,CNY,/home/runner/work/Macro-analysis/Macro-analysis/global_universe/data/daily/512800.SS.csv
China,sectors,Biotech,etf,2820.HK,HKD,HKD,/home/runner/work/Macro-analysis/Macro-analysis/global_universe/data/daily/2820.HK.csv
China,sectors,Software,etf,159852.SZ,CNY,CNY,/home/runner/work/Macro-analysis/Macro-analysis/global_universe/data/daily/159852.SZ.csv
China,sectors,Telecom_Equip_CN,etf,515880.SS,CNY,CNY,/home/runner/work/Macro-analysis/Macro-analysis/global_universe/data/daily/515880.SS.csv
China,sectors,Food_Beverage_CN,etf,159736.SZ,CNY,CNY,/home/runner/work/Macro-analysis/Macro-analysis/global_universe/data/daily/159736.SZ.csv
China,sectors,Pharma_CN,etf,159992.SZ,CNY,CNY,/home/runner/work/Macro-analysis/Macro-analysis/global_universe/data/daily/159992.SZ.csv
China,factors,Small_Cap,etf,ECNS,USD,USD,/home/runner/work/Macro-analysis/Macro-analysis/global_universe/data/daily/ECNS.csv
China,factors,A_Shares,etf,ASHR,USD,USD,/home/runner/work/Macro-analysis/Macro-analysis/global_universe/data/daily/ASHR.csv
China,factors,CSI_300,index,000300.SS,CNY,CNY,/home/runner/work/Macro-analysis/Macro-analysis/global_universe/data/daily/000300.SS.csv
China,factors,Growth,etf,CNXT,USD,USD,/home/runner/work/Macro-analysis/Macro-analysis/global_universe/data/daily/CNXT.csv
China,factors,Low_Vol_CN,etf,515300.SS,CNY,CNY,/home/runner/work/Macro-analysis/Macro-analysis/global_universe/data/daily/515300.SS.csv
China,factors,High_Dividend_HK,etf,3070.HK,HKD,HKD,/home/runner/work/Macro-analysis/Macro-analysis/global_universe/data/daily/3070.HK.csv
China,factors,LowVol_HighDiv_CN,etf,515100.SS,CNY,CNY,/home/runner/work/Macro-analysis/Macro-analysis/global_universe/data/daily/515100.SS.csv
China,themes,AI,etf,159819.SZ,CNY,CNY,/home/runner/work/Macro-analysis/Macro-analysis/global_universe/data/daily/159819.SZ.csv
China,themes,Semiconductors_CN,etf,3191.HK,HKD,HKD,/home/runner/work/Macro-analysis/Macro-analysis/global_universe/data/daily/3191.HK.csv
China,themes,Tech_HangSeng,etf,3033.HK,HKD,HKD,/home/runner/work/Macro-analysis/Macro-analysis/global_universe/data/daily/3033.HK.csv
China,themes,Robotics_CN,etf,2807.HK,HKD,HKD,/home/runner/work/Macro-analysis/Macro-analysis/global_universe/data/daily/2807.HK.csv
China,themes,Battery_CN,etf,2845.HK,HKD,HKD,/home/runner/work/Macro-analysis/Macro-analysis/global_universe/data/daily/2845.HK.csv
China,themes,Clean_Energy_CN,etf,2809.HK,HKD,HKD,/home/runner/work/Macro-analysis/Macro-analysis/global_universe/data/daily/2809.HK.csv
China,themes,Internet_HK,etf,2812.HK,HKD,HKD,/home/runner/work/Macro-analysis/Macro-analysis/global_universe/data/daily/2812.HK.csv
China,themes,IPO_HK,etf,2835.HK,HKD,HKD,/home/runner/work/Macro-analysis/Macro-analysis/global_universe/data/daily/2835.HK.csv
China,themes,New_Economy_CN,etf,3173.HK,HKD,HKD,/home/runner/work/Macro-analysis/Macro-analysis/global_universe/data/daily/3173.HK.csv
China,themes,Cloud_CN,etf,2826.HK,HKD,HKD,/home/runner/work/Macro-analysis/Macro-analysis/global_universe/data/daily/2826.HK.csv
China,themes,Solar_CN_HK,etf,3134.HK,HKD,HKD,/home/runner/work/Macro-analysis/Macro-analysis/global_universe/data/daily/3134.HK.csv
China,themes,Global_Leaders_HK,etf,3050.HK,HKD,HKD,/home/runner/work/Macro-analysis/Macro-analysis/global_universe/data/daily/3050.HK.csv
China,themes,Consumer_Services_HK,etf,3167.HK,HKD,HKD,/home/runner/work/Macro-analysis/Macro-analysis/global_universe/data/daily/3167.HK.csv
China,themes,MSCI_CN_HK,etf,2801.HK,HKD,HKD,/home/runner/work/Macro-analysis/Macro-analysis/global_universe/data/daily/2801.HK.csv
China,themes,A50_HK,etf,2823.HK,HKD,HKD,/home/runner/work/Macro-analysis/Macro-analysis/global_universe/data/daily/2823.HK.csv
China,themes,CSI300_HK,etf,3188.HK,HKD,HKD,/home/runner/work/Macro-analysis/Macro-analysis/global_universe/data/daily/3188.HK.csv
China,themes,HSCEI_HK,etf,2828.HK,HKD,HKD,/home/runner/work/Macro-analysis/Macro-analysis/global_universe/data/daily/2828.HK.csv
China,themes,HSI_HK,etf,2800.HK,HKD,HKD,/home/runner/work/Macro-analysis/Macro-analysis/global_universe/data/daily/2800.HK.csv
China,themes,STAR50_HK,etf,3151.HK,HKD,HKD,/home/runner/work/Macro-analysis/Macro-analysis/global_universe/data/daily/3151.HK.csv
Canada,sectors,Broad_Market,index,^GSPTSE,CAD,CAD,/home/runner/work/Macro-analysis/Macro-analysis/global_universe/data/daily/IDX_GSPTSE.csv
Canada,sectors,Broad_Market_ETF,etf,EWC,USD,USD,/home/runner/work/Macro-analysis/Macro-analysis/global_universe/data/daily/EWC.csv
Brazil,sectors,Broad_Market,index,^BVSP,BRL,BRL,/home/runner/work/Macro-analysis/Macro-analysis/global_universe/data/daily/IDX_BVSP.csv
Mexico,sectors,Broad_Market,etf,EWW,USD,USD,/home/runner/work/Macro-analysis/Macro-analysis/global_universe/data/daily/EWW.csv
Argentina,sectors,Broad_Market,etf,ARGT,USD,USD,/home/runner/work/Macro-analysis/Macro-analysis/global_universe/data/daily/ARGT.csv
Colombia,sectors,Broad_Market,etf,ICOL,USD,USD,/home/runner/work/Macro-analysis/Macro-analysis/global_universe/data/daily/ICOL.csv
Global_ExUS,sectors,Broad_Market,etf,ACWX,USD,USD,/home/runner/work/Macro-analysis/Macro-analysis/global_universe/data/daily/ACWX.csv
Global_ExUS,sectors,Broad_ExUS,etf,IXUS,USD,USD,/home/runner/work/Macro-analysis/Macro-analysis/global_universe/data/daily/IXUS.csv
Global_ExUS,sectors,Developed_exUS,etf,EFA,USD,USD,/home/runner/work/Macro-analysis/Macro-analysis/global_universe/data/daily/EFA.csv
Global_ExUS,sectors,Emerging_Markets,etf,EEM,USD,USD,/home/runner/work/Macro-analysis/Macro-analysis/global_universe/data/daily/EEM.csv
Global_ExUS,sectors,EM_ex_China,etf,EMXC,USD,USD,/home/runner/work/Macro-analysis/Macro-analysis/global_universe/data/daily/EMXC.csv
Global_ExUS,sectors,Pacific_Developed,etf,VPL,USD,USD,/home/runner/work/Macro-analysis/Macro-analysis/global_universe/data/daily/VPL.csv
Global_ExUS,sectors,Latin_America,etf,ILF,USD,USD,/home/runner/work/Macro-analysis/Macro-analysis/global_universe/data/daily/ILF.csv
Global_ExUS,sectors,Eurozone,etf,EZU,USD,USD,/home/runner/work/Macro-analysis/Macro-analysis/global_universe/data/daily/EZU.csv
Singapore,sectors,Broad_Market,etf,EWS,USD,USD,/home/runner/work/Macro-analysis/Macro-analysis/global_universe/data/daily/EWS.csv
Indonesia,sectors,Broad_Market,etf,EIDO,USD,USD,/home/runner/work/Macro-analysis/Macro-analysis/global_universe/data/daily/EIDO.csv
Thailand,sectors,Broad_Market,etf,THD,USD,USD,/home/runner/work/Macro-analysis/Macro-analysis/global_universe/data/daily/THD.csv
Malaysia,sectors,Broad_Market,etf,EWM,USD,USD,/home/runner/work/Macro-analysis/Macro-analysis/global_universe/data/daily/EWM.csv
Vietnam,sectors,Broad_Market,etf,VNM,USD,USD,/home/runner/work/Macro-analysis/Macro-analysis/global_universe/data/daily/VNM.csv
India,sectors,Broad_Market,index,^NSEI,INR,INR,/home/runner/work/Macro-analysis/Macro-analysis/global_universe/data/daily/IDX_NSEI.csv
India,sectors,Financials,etf,INDF,USD,USD,/home/runner/work/Macro-analysis/Macro-analysis/global_universe/data/daily/INDF.csv
India,sectors,Technology,etf,INQQ,USD,USD,/home/runner/work/Macro-analysis/Macro-analysis/global_universe/data/daily/INQQ.csv
India,sectors,Small_Cap,etf,SMIN,USD,USD,/home/runner/work/Macro-analysis/Macro-analysis/global_universe/data/daily/SMIN.csv
India,sectors,Value(Proxy),etf,EPI,USD,USD,/home/runner/work/Macro-analysis/Macro-analysis/global_universe/data/daily/EPI.csv
UK,sectors,Broad_Market,index,^FTSE,GBP,GBP,/home/runner/work/Macro-analysis/Macro-analysis/global_universe/data/daily/IDX_FTSE.csv
UK,sectors,Broad_Market_ETF,etf,EWU,USD,USD,/home/runner/work/Macro-analysis/Macro-analysis/global_universe/data/daily/EWU.csv
France,sectors,Broad_Market,index,^FCHI,EUR,EUR,/home/runner/work/Macro-analysis/Macro-analysis/global_universe/data/daily/IDX_FCHI.csv
France,sectors,Broad_Market_ETF,etf,EWQ,USD,USD,/home/runner/work/Macro-analysis/Macro-analysis/global_universe/data/daily/EWQ.csv
Italy,sectors,Broad_Market,index,FTSEMIB.MI,EUR,EUR,/home/runner/work/Macro-analysis/Macro-analysis/global_universe/data/daily/FTSEMIB.MI.csv
Italy,sectors,Broad_Market_ETF,etf,EWI,USD,USD,/home/runner/work/Macro-analysis/Macro-analysis/global_universe/data/daily/EWI.csv
Spain,sectors,Broad_Market,index,^IBEX,EUR,EUR,/home/runner/work/Macro-analysis/Macro-analysis/global_universe/data/daily/IDX_IBEX.csv
Spain,sectors,Broad_Market_ETF,etf,EWP,USD,USD,/home/runner/work/Macro-analysis/Macro-analysis/global_universe/data/daily/EWP.csv
Taiwan,sectors,Broad_Market,index,^TWII,TWD,TWD,/home/runner/work/Macro-analysis/Macro-analysis/global_universe/data/daily/IDX_TWII.csv
Taiwan,sectors,Broad_Market_ETF,etf,EWT,USD,USD,/home/runner/work/Macro-analysis/Macro-analysis/global_universe/data/daily/EWT.csv
Hong_Kong,sectors,Broad_Market,index,^HSI,HKD,HKD,/home/runner/work/Macro-analysis/Macro-analysis/global_universe/data/daily/IDX_HSI.csv
Hong_Kong,factors,Gov_Bonds_HK,etf,3199.HK,HKD,HKD,/home/runner/work/Macro-analysis/Macro-analysis/global_universe/data/daily/3199.HK.csv
Australia,sectors,Broad_Market,etf,EWA,USD,USD,/home/runner/work/Macro-analysis/Macro-analysis/global_universe/data/daily/EWA.csv
Sweden,sectors,Broad_Market,etf,EWD,USD,USD,/home/runner/work/Macro-analysis/Macro-analysis/global_universe/data/daily/EWD.csv
Greece,sectors,Broad_Market,etf,GREK,USD,USD,/home/runner/work/Macro-analysis/Macro-analysis/global_universe/data/daily/GREK.csv
Switzerland,sectors,Broad_Market,etf,EWL,USD,USD,/home/runner/work/Macro-analysis/Macro-analysis/global_universe/data/daily/EWL.csv
Israel,sectors,Broad_Market,etf,EIS,USD,USD,/home/runner/work/Macro-analysis/Macro-analysis/global_universe/data/daily/EIS.csv
Turkey,sectors,Broad_Market,etf,TUR,USD,USD,/home/runner/work/Macro-analysis/Macro-analysis/global_universe/data/daily/TUR.csv
