country,category,name,primary,fallback_to_etf,used_symbol,file,updated,status,reason,run_at
Commodities,sectors,Broad,PDBC,False,PDBC,/home/runner/work/Macro-analysis/Macro-analysis/global_universe/data/valuations/PDBC.csv,False,no_change,already_has_effective_date,2025-09-16T11:50:21+09:00
Commodities,sectors,Energy_Broad,DBE,False,DBE,/home/runner/work/Macro-analysis/Macro-analysis/global_universe/data/valuations/DBE.csv,False,no_change,already_has_effective_date,2025-09-16T11:50:21+09:00
Commodities,sectors,Crude_Oil,OILK,False,OILK,/home/runner/work/Macro-analysis/Macro-analysis/global_universe/data/valuations/OILK.csv,False,no_change,already_has_effective_date,2025-09-16T11:50:21+09:00
Commodities,sectors,Natural_Gas,UNG,False,UNG,/home/runner/work/Macro-analysis/Macro-analysis/global_universe/data/valuations/UNG.csv,False,no_change,already_has_effective_date,2025-09-16T11:50:21+09:00
Commodities,sectors,Gold,GLD,False,GLD,/home/runner/work/Macro-analysis/Macro-analysis/global_universe/data/valuations/GLD.csv,False,no_change,already_has_effective_date,2025-09-16T11:50:21+09:00
Commodities,sectors,Silver,SLV,False,SLV,/home/runner/work/Macro-analysis/Macro-analysis/global_universe/data/valuations/SLV.csv,False,no_change,already_has_effective_date,2025-09-16T11:50:21+09:00
Commodities,sectors,Palladium,PALL,False,PALL,/home/runner/work/Macro-analysis/Macro-analysis/global_universe/data/valuations/PALL.csv,False,no_data,no_valuation_fields,2025-09-16T11:50:21+09:00
Commodities,sectors,Platinum,PPLT,False,PPLT,/home/runner/work/Macro-analysis/Macro-analysis/global_universe/data/valuations/PPLT.csv,False,no_data,no_valuation_fields,2025-09-16T11:50:21+09:00
Commodities,sectors,Copper,CPER,False,CPER,/home/runner/work/Macro-analysis/Macro-analysis/global_universe/data/valuations/CPER.csv,False,no_change,already_has_effective_date,2025-09-16T11:50:21+09:00
Commodities,sectors,Industrial_Metals,BCIM,False,BCIM,/home/runner/work/Macro-analysis/Macro-analysis/global_universe/data/valuations/BCIM.csv,False,no_data,no_valuation_fields,2025-09-16T11:50:21+09:00
Commodities,sectors,Agriculture_Broad,TILL,False,TILL,/home/runner/work/Macro-analysis/Macro-analysis/global_universe/data/valuations/TILL.csv,False,no_change,already_has_effective_date,2025-09-16T11:50:21+09:00
Commodities,sectors,Dry_Bulk_Freight,BDRY,False,BDRY,/home/runner/work/Macro-analysis/Macro-analysis/global_universe/data/valuations/BDRY.csv,False,no_change,already_has_effective_date,2025-09-16T11:50:21+09:00
Commodities,sectors,Carbon_Global,KRBN,False,KRBN,/home/runner/work/Macro-analysis/Macro-analysis/global_universe/data/valuations/KRBN.csv,False,no_data,no_valuation_fields,2025-09-16T11:50:21+09:00
Commodities,sectors,Carbon_California,KCCA,False,KCCA,/home/runner/work/Macro-analysis/Macro-analysis/global_universe/data/valuations/KCCA.csv,False,no_change,already_has_effective_date,2025-09-16T11:50:21+09:00
Commodities,sectors,Volatility,VXX,False,VXX,/home/runner/work/Macro-analysis/Macro-analysis/global_universe/data/valuations/VXX.csv,False,no_data,no_valuation_fields,2025-09-16T11:50:21+09:00
Global,sectors,Technology,IXN,False,IXN,/home/runner/work/Macro-analysis/Macro-analysis/global_universe/data/valuations/IXN.csv,False,no_change,already_has_effective_date,2025-09-16T11:50:21+09:00
Global,sectors,Healthcare,IXJ,False,IXJ,/home/runner/work/Macro-analysis/Macro-analysis/global_universe/data/valuations/IXJ.csv,False,no_change,already_has_effective_date,2025-09-16T11:50:21+09:00
Global,sectors,Financials,IXG,False,IXG,/home/runner/work/Macro-analysis/Macro-analysis/global_universe/data/valuations/IXG.csv,False,no_change,already_has_effective_date,2025-09-16T11:50:21+09:00
Global,sectors,Cons_Discr.,RXI,False,RXI,/home/runner/work/Macro-analysis/Macro-analysis/global_universe/data/valuations/RXI.csv,False,no_change,already_has_effective_date,2025-09-16T11:50:21+09:00
Global,sectors,Cons_Staples,KXI,False,KXI,/home/runner/work/Macro-analysis/Macro-analysis/global_universe/data/valuations/KXI.csv,False,no_change,already_has_effective_date,2025-09-16T11:50:21+09:00
Global,sectors,Industrials,EXI,False,EXI,/home/runner/work/Macro-analysis/Macro-analysis/global_universe/data/valuations/EXI.csv,False,no_change,already_has_effective_date,2025-09-16T11:50:21+09:00
Global,sectors,Energy,IXC,False,IXC,/home/runner/work/Macro-analysis/Macro-analysis/global_universe/data/valuations/IXC.csv,False,no_change,already_has_effective_date,2025-09-16T11:50:21+09:00
Global,sectors,Materials,MXI,False,MXI,/home/runner/work/Macro-analysis/Macro-analysis/global_universe/data/valuations/MXI.csv,False,no_change,already_has_effective_date,2025-09-16T11:50:21+09:00
Global,sectors,Utilities,JXI,False,JXI,/home/runner/work/Macro-analysis/Macro-analysis/global_universe/data/valuations/JXI.csv,False,no_change,already_has_effective_date,2025-09-16T11:50:21+09:00
Global,sectors,Comm_Services,IXP,False,IXP,/home/runner/work/Macro-analysis/Macro-analysis/global_universe/data/valuations/IXP.csv,False,no_change,already_has_effective_date,2025-09-16T11:50:21+09:00
Global,sectors,Defense,SHLD,False,SHLD,/home/runner/work/Macro-analysis/Macro-analysis/global_universe/data/valuations/SHLD.csv,False,no_change,already_has_effective_date,2025-09-16T11:50:21+09:00
Global,sectors,Real_Estate,REET,False,REET,/home/runner/work/Macro-analysis/Macro-analysis/global_universe/data/valuations/REET.csv,False,no_change,already_has_effective_date,2025-09-16T11:50:21+09:00
Global,sectors,Airlines,JETS,False,JETS,/home/runner/work/Macro-analysis/Macro-analysis/global_universe/data/valuations/JETS.csv,False,no_change,already_has_effective_date,2025-09-16T11:50:21+09:00
Global,factors,Global_BM,ACWI,False,ACWI,/home/runner/work/Macro-analysis/Macro-analysis/global_universe/data/valuations/ACWI.csv,False,no_change,already_has_effective_date,2025-09-16T11:50:21+09:00
Global,factors,Global_Treasury,IGOV,False,IGOV,/home/runner/work/Macro-analysis/Macro-analysis/global_universe/data/valuations/IGOV.csv,False,no_data,no_valuation_fields,2025-09-16T11:50:21+09:00
Global,factors,Developed_World,URTH,False,URTH,/home/runner/work/Macro-analysis/Macro-analysis/global_universe/data/valuations/URTH.csv,False,no_change,already_has_effective_date,2025-09-16T11:50:21+09:00
Global,factors,Dividend_Growth_Global,FID,False,FID,/home/runner/work/Macro-analysis/Macro-analysis/global_universe/data/valuations/FID.csv,False,no_change,already_has_effective_date,2025-09-16T11:50:21+09:00
Global,factors,High_Dividend_Global,IDOG,False,IDOG,/home/runner/work/Macro-analysis/Macro-analysis/global_universe/data/valuations/IDOG.csv,False,no_change,already_has_effective_date,2025-09-16T11:50:21+09:00
Global,factors,Momentum_Developed,IMTM,False,IMTM,/home/runner/work/Macro-analysis/Macro-analysis/global_universe/data/valuations/IMTM.csv,False,no_change,already_has_effective_date,2025-09-16T11:50:21+09:00
Global,factors,Quality_Global,IQLT,False,IQLT,/home/runner/work/Macro-analysis/Macro-analysis/global_universe/data/valuations/IQLT.csv,False,no_data,no_valuation_fields,2025-09-16T11:50:21+09:00
Global,factors,IPO_Global,IPOS,False,IPOS,/home/runner/work/Macro-analysis/Macro-analysis/global_universe/data/valuations/IPOS.csv,False,no_data,no_valuation_fields,2025-09-16T11:50:21+09:00
Global,factors,Moat_Global,MOTG,False,MOTG,/home/runner/work/Macro-analysis/Macro-analysis/global_universe/data/valuations/MOTG.csv,False,no_data,no_valuation_fields,2025-09-16T11:50:21+09:00
Global,factors,CashFlow_Global,GCOW,False,GCOW,/home/runner/work/Macro-analysis/Macro-analysis/global_universe/data/valuations/GCOW.csv,False,no_data,no_valuation_fields,2025-09-16T11:50:21+09:00
Global,factors,Min_Vol_Global,EFAV,False,EFAV,/home/runner/work/Macro-analysis/Macro-analysis/global_universe/data/valuations/EFAV.csv,False,no_data,no_valuation_fields,2025-09-16T11:50:21+09:00
US,sectors,Broad_Market,SPTM,False,SPTM,/home/runner/work/Macro-analysis/Macro-analysis/global_universe/data/valuations/SPTM.csv,False,no_data,no_valuation_fields,2025-09-16T11:50:21+09:00
US,sectors,Technology,XLK,False,XLK,/home/runner/work/Macro-analysis/Macro-analysis/global_universe/data/valuations/XLK.csv,False,no_data,no_valuation_fields,2025-09-16T11:50:21+09:00
US,sectors,Semiconductors,SOXX,False,SOXX,/home/runner/work/Macro-analysis/Macro-analysis/global_universe/data/valuations/SOXX.csv,False,no_data,no_valuation_fields,2025-09-16T11:50:21+09:00
US,sectors,Software,IGV,False,IGV,/home/runner/work/Macro-analysis/Macro-analysis/global_universe/data/valuations/IGV.csv,False,no_data,no_valuation_fields,2025-09-16T11:50:21+09:00
US,sectors,Biotech,IBB,False,IBB,/home/runner/work/Macro-analysis/Macro-analysis/global_universe/data/valuations/IBB.csv,False,no_data,no_valuation_fields,2025-09-16T11:50:21+09:00
US,sectors,Healthcare,XLV,False,XLV,/home/runner/work/Macro-analysis/Macro-analysis/global_universe/data/valuations/XLV.csv,False,no_data,no_valuation_fields,2025-09-16T11:50:21+09:00
US,sectors,Financials,XLF,False,XLF,/home/runner/work/Macro-analysis/Macro-analysis/global_universe/data/valuations/XLF.csv,False,no_data,no_valuation_fields,2025-09-16T11:50:21+09:00
US,sectors,Cons_Discr.,XLY,False,XLY,/home/runner/work/Macro-analysis/Macro-analysis/global_universe/data/valuations/XLY.csv,False,no_data,no_valuation_fields,2025-09-16T11:50:21+09:00
US,sectors,Cons_Staples,XLP,False,XLP,/home/runner/work/Macro-analysis/Macro-analysis/global_universe/data/valuations/XLP.csv,False,no_data,no_valuation_fields,2025-09-16T11:50:21+09:00
US,sectors,Industrials,XLI,False,XLI,/home/runner/work/Macro-analysis/Macro-analysis/global_universe/data/valuations/XLI.csv,False,no_data,no_valuation_fields,2025-09-16T11:50:21+09:00
US,sectors,Energy,XLE,False,XLE,/home/runner/work/Macro-analysis/Macro-analysis/global_universe/data/valuations/XLE.csv,False,no_data,no_valuation_fields,2025-09-16T11:50:21+09:00
US,sectors,Materials,XLB,False,XLB,/home/runner/work/Macro-analysis/Macro-analysis/global_universe/data/valuations/XLB.csv,False,no_data,no_valuation_fields,2025-09-16T11:50:21+09:00
US,sectors,Utilities,XLU,False,XLU,/home/runner/work/Macro-analysis/Macro-analysis/global_universe/data/valuations/XLU.csv,False,no_data,no_valuation_fields,2025-09-16T11:50:21+09:00
US,sectors,Comm_Services,XLC,False,XLC,/home/runner/work/Macro-analysis/Macro-analysis/global_universe/data/valuations/XLC.csv,False,no_data,no_valuation_fields,2025-09-16T11:50:21+09:00
US,sectors,Real_Estate,XLRE,False,XLRE,/home/runner/work/Macro-analysis/Macro-analysis/global_universe/data/valuations/XLRE.csv,False,no_data,no_valuation_fields,2025-09-16T11:50:21+09:00
US,sectors,Defense,ITA,False,ITA,/home/runner/work/Macro-analysis/Macro-analysis/global_universe/data/valuations/ITA.csv,False,no_data,no_valuation_fields,2025-09-16T11:50:21+09:00
US,sectors,Banks_Large,KBWB,False,KBWB,/home/runner/work/Macro-analysis/Macro-analysis/global_universe/data/valuations/KBWB.csv,False,no_data,no_valuation_fields,2025-09-16T11:50:21+09:00
US,sectors,Banks_Regional,KRE,False,KRE,/home/runner/work/Macro-analysis/Macro-analysis/global_universe/data/valuations/KRE.csv,False,no_data,no_valuation_fields,2025-09-16T11:50:21+09:00
US,sectors,Insurance,KIE,False,KIE,/home/runner/work/Macro-analysis/Macro-analysis/global_universe/data/valuations/KIE.csv,False,no_data,no_valuation_fields,2025-09-16T11:50:21+09:00
US,sectors,Retail,XRT,False,XRT,/home/runner/work/Macro-analysis/Macro-analysis/global_universe/data/valuations/XRT.csv,False,no_data,no_valuation_fields,2025-09-16T11:50:21+09:00
US,factors,Large_Cap,^GSPC,False,^GSPC,/home/runner/work/Macro-analysis/Macro-analysis/global_universe/data/valuations/IDX_GSPC.csv,False,no_data,no_valuation_fields,2025-09-16T11:50:21+09:00
US,factors,Mid_Cap,^SP400,False,^SP400,/home/runner/work/Macro-analysis/Macro-analysis/global_universe/data/valuations/IDX_SP400.csv,False,no_data,no_valuation_fields,2025-09-16T11:50:21+09:00
US,factors,Small_Cap,^RUT,False,^RUT,/home/runner/work/Macro-analysis/Macro-analysis/global_universe/data/valuations/IDX_RUT.csv,False,no_data,no_valuation_fields,2025-09-16T11:50:21+09:00
US,factors,Small_Cap_600,^SP600,False,^SP600,/home/runner/work/Macro-analysis/Macro-analysis/global_universe/data/valuations/IDX_SP600.csv,False,no_data,no_valuation_fields,2025-09-16T11:50:21+09:00
US,factors,Nasdaq_100,^NDX,False,^NDX,/home/runner/work/Macro-analysis/Macro-analysis/global_universe/data/valuations/IDX_NDX.csv,False,no_data,no_valuation_fields,2025-09-16T11:50:21+09:00
US,factors,Micro_Cap,IWC,False,IWC,/home/runner/work/Macro-analysis/Macro-analysis/global_universe/data/valuations/IWC.csv,False,no_data,no_valuation_fields,2025-09-16T11:50:21+09:00
US,factors,Small_Value,IJS,False,IJS,/home/runner/work/Macro-analysis/Macro-analysis/global_universe/data/valuations/IJS.csv,False,no_data,no_valuation_fields,2025-09-16T11:50:21+09:00
US,factors,Small_Growth,IJT,False,IJT,/home/runner/work/Macro-analysis/Macro-analysis/global_universe/data/valuations/IJT.csv,False,no_data,no_valuation_fields,2025-09-16T11:50:21+09:00
US,factors,Mid_Value,IWS,False,IWS,/home/runner/work/Macro-analysis/Macro-analysis/global_universe/data/valuations/IWS.csv,False,no_data,no_valuation_fields,2025-09-16T11:50:21+09:00
US,factors,Mid_Growth,IWP,False,IWP,/home/runner/work/Macro-analysis/Macro-analysis/global_universe/data/valuations/IWP.csv,False,no_data,no_valuation_fields,2025-09-16T11:50:21+09:00
US,factors,Equal_Weight,RSP,False,RSP,/home/runner/work/Macro-analysis/Macro-analysis/global_universe/data/valuations/RSP.csv,False,no_data,no_valuation_fields,2025-09-16T11:50:21+09:00
US,factors,Low_Vol,USMV,False,USMV,/home/runner/work/Macro-analysis/Macro-analysis/global_universe/data/valuations/USMV.csv,False,no_change,already_has_effective_date,2025-09-16T11:50:21+09:00
US,factors,High_Beta,SPHB,False,SPHB,/home/runner/work/Macro-analysis/Macro-analysis/global_universe/data/valuations/SPHB.csv,False,no_data,no_valuation_fields,2025-09-16T11:50:21+09:00
US,factors,Low_Beta,SPLV,False,SPLV,/home/runner/work/Macro-analysis/Macro-analysis/global_universe/data/valuations/SPLV.csv,False,no_data,no_valuation_fields,2025-09-16T11:50:21+09:00
US,factors,High_Dividend,VYM,False,VYM,/home/runner/work/Macro-analysis/Macro-analysis/global_universe/data/valuations/VYM.csv,False,no_data,no_valuation_fields,2025-09-16T11:50:21+09:00
US,factors,Dividend_Growth,VIG,False,VIG,/home/runner/work/Macro-analysis/Macro-analysis/global_universe/data/valuations/VIG.csv,False,no_data,no_valuation_fields,2025-09-16T11:50:21+09:00
US,factors,Value,IUSV,False,IUSV,/home/runner/work/Macro-analysis/Macro-analysis/global_universe/data/valuations/IUSV.csv,False,no_data,no_valuation_fields,2025-09-16T11:50:21+09:00
US,factors,Growth,IUSG,False,IUSG,/home/runner/work/Macro-analysis/Macro-analysis/global_universe/data/valuations/IUSG.csv,False,no_data,no_valuation_fields,2025-09-16T11:50:21+09:00
US,factors,Momentum,MTUM,False,MTUM,/home/runner/work/Macro-analysis/Macro-analysis/global_universe/data/valuations/MTUM.csv,False,no_data,no_valuation_fields,2025-09-16T11:50:21+09:00
US,factors,Quality,QUAL,False,QUAL,/home/runner/work/Macro-analysis/Macro-analysis/global_universe/data/valuations/QUAL.csv,False,no_data,no_valuation_fields,2025-09-16T11:50:21+09:00
US,factors,High_Quality,SPHQ,False,SPHQ,/home/runner/work/Macro-analysis/Macro-analysis/global_universe/data/valuations/SPHQ.csv,False,no_data,no_valuation_fields,2025-09-16T11:50:21+09:00
US,factors,Profitability,COWZ,False,COWZ,/home/runner/work/Macro-analysis/Macro-analysis/global_universe/data/valuations/COWZ.csv,False,no_data,no_valuation_fields,2025-09-16T11:50:21+09:00
US,factors,Multi_Factor,LRGF,False,LRGF,/home/runner/work/Macro-analysis/Macro-analysis/global_universe/data/valuations/LRGF.csv,False,no_data,no_valuation_fields,2025-09-16T11:50:21+09:00
US,factors,Wide_Moat,MOAT,False,MOAT,/home/runner/work/Macro-analysis/Macro-analysis/global_universe/data/valuations/MOAT.csv,False,no_data,no_valuation_fields,2025-09-16T11:50:21+09:00
US,factors,Semiconductors,SOXX,False,SOXX,/home/runner/work/Macro-analysis/Macro-analysis/global_universe/data/valuations/SOXX.csv,False,no_data,no_valuation_fields,2025-09-16T11:50:21+09:00
US,factors,US_Power,ZAP,False,ZAP,/home/runner/work/Macro-analysis/Macro-analysis/global_universe/data/valuations/ZAP.csv,False,no_data,no_valuation_fields,2025-09-16T11:50:21+09:00
US,factors,China_Tech_US,DRAG,False,DRAG,/home/runner/work/Macro-analysis/Macro-analysis/global_universe/data/valuations/DRAG.csv,False,no_data,no_valuation_fields,2025-09-16T11:50:21+09:00
US,factors,Defense_Tech,SHLD,False,SHLD,/home/runner/work/Macro-analysis/Macro-analysis/global_universe/data/valuations/SHLD.csv,False,no_change,already_has_effective_date,2025-09-16T11:50:21+09:00
US,factors,Manufacturing_Trad,AIRR,False,AIRR,/home/runner/work/Macro-analysis/Macro-analysis/global_universe/data/valuations/AIRR.csv,False,no_data,no_valuation_fields,2025-09-16T11:50:21+09:00
US,factors,Pipelines,TPYP,False,TPYP,/home/runner/work/Macro-analysis/Macro-analysis/global_universe/data/valuations/TPYP.csv,False,no_data,no_valuation_fields,2025-09-16T11:50:21+09:00
US,factors,Dividend_Aristocrats,NOBL,False,NOBL,/home/runner/work/Macro-analysis/Macro-analysis/global_universe/data/valuations/NOBL.csv,False,no_data,no_valuation_fields,2025-09-16T11:50:21+09:00
US,factors,Preferreds,PFFD,False,PFFD,/home/runner/work/Macro-analysis/Macro-analysis/global_universe/data/valuations/PFFD.csv,False,no_data,no_valuation_fields,2025-09-16T11:50:21+09:00
US,factors,Dividend_Growth_US,SCHD,False,SCHD,/home/runner/work/Macro-analysis/Macro-analysis/global_universe/data/valuations/SCHD.csv,False,no_data,no_valuation_fields,2025-09-16T11:50:21+09:00
US,factors,High_Dividend_US,SPYD,False,SPYD,/home/runner/work/Macro-analysis/Macro-analysis/global_universe/data/valuations/SPYD.csv,False,no_data,no_valuation_fields,2025-09-16T11:50:21+09:00
US,factors,IPO_US,IPO,False,IPO,/home/runner/work/Macro-analysis/Macro-analysis/global_universe/data/valuations/IPO.csv,False,no_data,no_valuation_fields,2025-09-16T11:50:21+09:00
US,factors,Buyback_US,PKW,False,PKW,/home/runner/work/Macro-analysis/Macro-analysis/global_universe/data/valuations/PKW.csv,False,no_data,no_valuation_fields,2025-09-16T11:50:21+09:00
US,factors,Mega_Cap_US,XLG,False,XLG,/home/runner/work/Macro-analysis/Macro-analysis/global_universe/data/valuations/XLG.csv,False,no_data,no_valuation_fields,2025-09-16T11:50:21+09:00
US,factors,Nasdaq100_EW,QQQE,False,QQQE,/home/runner/work/Macro-analysis/Macro-analysis/global_universe/data/valuations/QQQE.csv,False,no_data,no_valuation_fields,2025-09-16T11:50:21+09:00
US,factors,Dow_30,DIA,False,DIA,/home/runner/work/Macro-analysis/Macro-analysis/global_universe/data/valuations/DIA.csv,False,no_data,no_valuation_fields,2025-09-16T11:50:21+09:00
US,factors,Magnificent7_US,MAGS,False,MAGS,/home/runner/work/Macro-analysis/Macro-analysis/global_universe/data/valuations/MAGS.csv,False,no_data,no_valuation_fields,2025-09-16T11:50:21+09:00
US,factors,US_IG_Corp,LQD,False,LQD,/home/runner/work/Macro-analysis/Macro-analysis/global_universe/data/valuations/LQD.csv,False,no_data,no_valuation_fields,2025-09-16T11:50:21+09:00
US,factors,US_HY_Corp,HYG,False,HYG,/home/runner/work/Macro-analysis/Macro-analysis/global_universe/data/valuations/HYG.csv,False,no_data,no_valuation_fields,2025-09-16T11:50:21+09:00
US,factors,US_Treasuries_20Y,TLT,False,TLT,/home/runner/work/Macro-analysis/Macro-analysis/global_universe/data/valuations/TLT.csv,False,no_data,no_valuation_fields,2025-09-16T11:50:21+09:00
US,factors,Agg_Bond_US,AGG,False,AGG,/home/runner/work/Macro-analysis/Macro-analysis/global_universe/data/valuations/AGG.csv,False,no_data,no_valuation_fields,2025-09-16T11:50:21+09:00
US,factors,TIPS_US,TIP,False,TIP,/home/runner/work/Macro-analysis/Macro-analysis/global_universe/data/valuations/TIP.csv,False,no_data,no_valuation_fields,2025-09-16T11:50:21+09:00
US,factors,Convertibles_US,CWB,False,CWB,/home/runner/work/Macro-analysis/Macro-analysis/global_universe/data/valuations/CWB.csv,False,no_data,no_valuation_fields,2025-09-16T11:50:21+09:00
US,factors,MBS_US,MBB,False,MBB,/home/runner/work/Macro-analysis/Macro-analysis/global_universe/data/valuations/MBB.csv,False,no_data,no_valuation_fields,2025-09-16T11:50:21+09:00
US,factors,Senior_Loans_US,SRLN,False,SRLN,/home/runner/work/Macro-analysis/Macro-analysis/global_universe/data/valuations/SRLN.csv,False,no_data,no_valuation_fields,2025-09-16T11:50:21+09:00
US,factors,Fallen_Angels_US,FALN,False,FALN,/home/runner/work/Macro-analysis/Macro-analysis/global_universe/data/valuations/FALN.csv,False,no_data,no_valuation_fields,2025-09-16T11:50:21+09:00
Europe,sectors,Technology,EXV3.DE,False,EXV3.DE,/home/runner/work/Macro-analysis/Macro-analysis/global_universe/data/valuations/EXV3.DE.csv,False,no_data,no_valuation_fields,2025-09-16T11:50:21+09:00
Europe,sectors,Healthcare,SXDP.Z,False,SXDP.Z,/home/runner/work/Macro-analysis/Macro-analysis/global_universe/data/valuations/SXDP.Z.csv,False,no_data,no_valuation_fields,2025-09-16T11:50:21+09:00
Europe,sectors,Utilities,SX6P.Z,False,SX6P.Z,/home/runner/work/Macro-analysis/Macro-analysis/global_universe/data/valuations/SX6P.Z.csv,False,no_data,no_valuation_fields,2025-09-16T11:50:21+09:00
Europe,sectors,Telecom,SXKP.Z,False,SXKP.Z,/home/runner/work/Macro-analysis/Macro-analysis/global_universe/data/valuations/SXKP.Z.csv,False,no_data,no_valuation_fields,2025-09-16T11:50:21+09:00
Europe,sectors,Automobiles,SXAP.Z,False,SXAP.Z,/home/runner/work/Macro-analysis/Macro-analysis/global_universe/data/valuations/SXAP.Z.csv,False,no_data,no_valuation_fields,2025-09-16T11:50:21+09:00
Europe,sectors,Basic_Resrcs,SXPP.Z,False,SXPP.Z,/home/runner/work/Macro-analysis/Macro-analysis/global_universe/data/valuations/SXPP.Z.csv,False,no_data,no_valuation_fields,2025-09-16T11:50:21+09:00
Europe,sectors,Chemicals,SX4P.Z,False,SX4P.Z,/home/runner/work/Macro-analysis/Macro-analysis/global_universe/data/valuations/SX4P.Z.csv,False,no_data,no_valuation_fields,2025-09-16T11:50:21+09:00
Europe,sectors,Banks,BNKE.L,False,BNKE.L,/home/runner/work/Macro-analysis/Macro-analysis/global_universe/data/valuations/BNKE.L.csv,False,no_data,no_valuation_fields,2025-09-16T11:50:21+09:00
Europe,sectors,Insurance,SXIP.Z,False,SXIP.Z,/home/runner/work/Macro-analysis/Macro-analysis/global_universe/data/valuations/SXIP.Z.csv,False,no_data,no_valuation_fields,2025-09-16T11:50:21+09:00
Europe,sectors,Industrials,SXNP.Z,False,SXNP.Z,/home/runner/work/Macro-analysis/Macro-analysis/global_universe/data/valuations/SXNP.Z.csv,False,no_data,no_valuation_fields,2025-09-16T11:50:21+09:00
Europe,sectors,Construction,SXOP.Z,False,SXOP.Z,/home/runner/work/Macro-analysis/Macro-analysis/global_universe/data/valuations/SXOP.Z.csv,False,no_data,no_valuation_fields,2025-09-16T11:50:21+09:00
Europe,sectors,Cons_Discr.,ESIC.L,False,ESIC.L,/home/runner/work/Macro-analysis/Macro-analysis/global_universe/data/valuations/ESIC.L.csv,False,no_data,no_valuation_fields,2025-09-16T11:50:21+09:00
Europe,sectors,Cons_Staples,ESIS.L,False,ESIS.L,/home/runner/work/Macro-analysis/Macro-analysis/global_universe/data/valuations/ESIS.L.csv,False,no_data,no_valuation_fields,2025-09-16T11:50:21+09:00
Europe,sectors,Energy,ENGE.L,False,ENGE.L,/home/runner/work/Macro-analysis/Macro-analysis/global_universe/data/valuations/ENGE.L.csv,False,no_data,no_valuation_fields,2025-09-16T11:50:21+09:00
Europe,sectors,Defense,EUAD,False,EUAD,/home/runner/work/Macro-analysis/Macro-analysis/global_universe/data/valuations/EUAD.csv,False,no_data,no_valuation_fields,2025-09-16T11:50:21+09:00
Europe,sectors,Financials,ESIF.L,False,ESIF.L,/home/runner/work/Macro-analysis/Macro-analysis/global_universe/data/valuations/ESIF.L.csv,False,no_data,no_valuation_fields,2025-09-16T11:50:21+09:00
Europe,sectors,Real_Estate,XDER.L,False,XDER.L,/home/runner/work/Macro-analysis/Macro-analysis/global_universe/data/valuations/XDER.L.csv,False,no_data,no_valuation_fields,2025-09-16T11:50:21+09:00
Europe,factors,Large_Cap,^STOXX,False,^STOXX,/home/runner/work/Macro-analysis/Macro-analysis/global_universe/data/valuations/IDX_STOXX.csv,False,no_data,no_valuation_fields,2025-09-16T11:50:21+09:00
Europe,factors,Small_Cap(EMU),SMEA.MI,False,SMEA.MI,/home/runner/work/Macro-analysis/Macro-analysis/global_universe/data/valuations/SMEA.MI.csv,False,no_data,no_valuation_fields,2025-09-16T11:50:21+09:00
Europe,factors,Value,IEVL.MI,False,IEVL.MI,/home/runner/work/Macro-analysis/Macro-analysis/global_universe/data/valuations/IEVL.MI.csv,False,no_data,no_valuation_fields,2025-09-16T11:50:21+09:00
Europe,factors,Momentum,CEMR.DE,False,CEMR.DE,/home/runner/work/Macro-analysis/Macro-analysis/global_universe/data/valuations/CEMR.DE.csv,False,no_data,no_valuation_fields,2025-09-16T11:50:21+09:00
Europe,factors,Quality,CEMQ.DE,False,CEMQ.DE,/home/runner/work/Macro-analysis/Macro-analysis/global_universe/data/valuations/CEMQ.DE.csv,False,no_data,no_valuation_fields,2025-09-16T11:50:21+09:00
Europe,factors,Min_Vol,EUMV,False,EUMV,/home/runner/work/Macro-analysis/Macro-analysis/global_universe/data/valuations/EUMV.csv,False,no_data,no_valuation_fields,2025-09-16T11:50:21+09:00
Europe,factors,EuroStoxx50,^STOXX50E,False,^STOXX50E,/home/runner/work/Macro-analysis/Macro-analysis/global_universe/data/valuations/IDX_STOXX50E.csv,False,no_data,no_valuation_fields,2025-09-16T11:50:21+09:00
Germany,sectors,Broad_Market,EWG,False,EWG,/home/runner/work/Macro-analysis/Macro-analysis/global_universe/data/valuations/EWG.csv,False,no_data,no_valuation_fields,2025-09-16T11:50:21+09:00
Germany,sectors,Technology,^CXPHX,False,^CXPHX,/home/runner/work/Macro-analysis/Macro-analysis/global_universe/data/valuations/IDX_CXPHX.csv,False,no_data,no_valuation_fields,2025-09-16T11:50:21+09:00
Germany,sectors,Healthcare,^CXPPX,False,^CXPPX,/home/runner/work/Macro-analysis/Macro-analysis/global_universe/data/valuations/IDX_CXPPX.csv,False,no_data,no_valuation_fields,2025-09-16T11:50:21+09:00
Germany,sectors,Industrials,^CXPNX,False,^CXPNX,/home/runner/work/Macro-analysis/Macro-analysis/global_universe/data/valuations/IDX_CXPNX.csv,False,no_data,no_valuation_fields,2025-09-16T11:50:21+09:00
Germany,sectors,Fin_Services,^CXPVX,False,^CXPVX,/home/runner/work/Macro-analysis/Macro-analysis/global_universe/data/valuations/IDX_CXPVX.csv,False,no_data,no_valuation_fields,2025-09-16T11:50:21+09:00
Germany,sectors,Insurance,^CXPIX,False,^CXPIX,/home/runner/work/Macro-analysis/Macro-analysis/global_universe/data/valuations/IDX_CXPIX.csv,False,no_data,no_valuation_fields,2025-09-16T11:50:21+09:00
Germany,factors,Large_Cap,^GDAXI,False,^GDAXI,/home/runner/work/Macro-analysis/Macro-analysis/global_universe/data/valuations/IDX_GDAXI.csv,False,no_data,no_valuation_fields,2025-09-16T11:50:21+09:00
Germany,factors,Mid_Cap,^MDAXI,False,^MDAXI,/home/runner/work/Macro-analysis/Macro-analysis/global_universe/data/valuations/IDX_MDAXI.csv,False,no_data,no_valuation_fields,2025-09-16T11:50:21+09:00
Germany,factors,Small_Cap,^SDAXI,False,^SDAXI,/home/runner/work/Macro-analysis/Macro-analysis/global_universe/data/valuations/IDX_SDAXI.csv,False,no_data,no_valuation_fields,2025-09-16T11:50:21+09:00
Japan,sectors,Broad_Market,EWJ,False,EWJ,/home/runner/work/Macro-analysis/Macro-analysis/global_universe/data/valuations/EWJ.csv,False,no_data,no_valuation_fields,2025-09-16T11:50:21+09:00
Japan,sectors,Nikkei_225,^N225,False,^N225,/home/runner/work/Macro-analysis/Macro-analysis/global_universe/data/valuations/IDX_N225.csv,False,no_data,no_valuation_fields,2025-09-16T11:50:21+09:00
Japan,sectors,Technology,2854.T,False,2854.T,/home/runner/work/Macro-analysis/Macro-analysis/global_universe/data/valuations/2854.T.csv,False,no_data,no_valuation_fields,2025-09-16T11:50:21+09:00
Japan,sectors,Semiconductors,2644.T,False,2644.T,/home/runner/work/Macro-analysis/Macro-analysis/global_universe/data/valuations/2644.T.csv,False,no_data,no_valuation_fields,2025-09-16T11:50:21+09:00
Japan,sectors,Infrastructure_JP,2096.T,False,2096.T,/home/runner/work/Macro-analysis/Macro-analysis/global_universe/data/valuations/2096.T.csv,False,no_data,no_valuation_fields,2025-09-16T11:50:21+09:00
Japan,sectors,Hotel_Retail_JP,2098.T,False,2098.T,/home/runner/work/Macro-analysis/Macro-analysis/global_universe/data/valuations/2098.T.csv,False,no_data,no_valuation_fields,2025-09-16T11:50:21+09:00
Japan,sectors,Logistics_JP,2565.T,False,2565.T,/home/runner/work/Macro-analysis/Macro-analysis/global_universe/data/valuations/2565.T.csv,False,no_data,no_valuation_fields,2025-09-16T11:50:21+09:00
Japan,sectors,Banks,1615.T,False,1615.T,/home/runner/work/Macro-analysis/Macro-analysis/global_universe/data/valuations/1615.T.csv,False,no_data,no_valuation_fields,2025-09-16T11:50:21+09:00
Japan,sectors,Foods,1617.T,False,1617.T,/home/runner/work/Macro-analysis/Macro-analysis/global_universe/data/valuations/1617.T.csv,False,no_data,no_valuation_fields,2025-09-16T11:50:21+09:00
Japan,sectors,Energy_Resources,1618.T,False,1618.T,/home/runner/work/Macro-analysis/Macro-analysis/global_universe/data/valuations/1618.T.csv,False,no_data,no_valuation_fields,2025-09-16T11:50:21+09:00
Japan,sectors,Construction_Materials,1619.T,False,1619.T,/home/runner/work/Macro-analysis/Macro-analysis/global_universe/data/valuations/1619.T.csv,False,no_data,no_valuation_fields,2025-09-16T11:50:21+09:00
Japan,sectors,Raw_Materials_Chemicals,1620.T,False,1620.T,/home/runner/work/Macro-analysis/Macro-analysis/global_universe/data/valuations/1620.T.csv,False,no_data,no_valuation_fields,2025-09-16T11:50:21+09:00
Japan,sectors,Pharmaceuticals,1621.T,False,1621.T,/home/runner/work/Macro-analysis/Macro-analysis/global_universe/data/valuations/1621.T.csv,False,no_data,no_valuation_fields,2025-09-16T11:50:21+09:00
Japan,sectors,Autos_Transport_Equip,1622.T,False,1622.T,/home/runner/work/Macro-analysis/Macro-analysis/global_universe/data/valuations/1622.T.csv,False,no_data,no_valuation_fields,2025-09-16T11:50:21+09:00
Japan,sectors,Steel_Nonferrous,1623.T,False,1623.T,/home/runner/work/Macro-analysis/Macro-analysis/global_universe/data/valuations/1623.T.csv,False,no_data,no_valuation_fields,2025-09-16T11:50:21+09:00
Japan,sectors,Machinery,1624.T,False,1624.T,/home/runner/work/Macro-analysis/Macro-analysis/global_universe/data/valuations/1624.T.csv,False,no_data,no_valuation_fields,2025-09-16T11:50:21+09:00
Japan,sectors,Electric_Precision,1625.T,False,1625.T,/home/runner/work/Macro-analysis/Macro-analysis/global_universe/data/valuations/1625.T.csv,False,no_data,no_valuation_fields,2025-09-16T11:50:21+09:00
Japan,sectors,IT_Services_Others,1626.T,False,1626.T,/home/runner/work/Macro-analysis/Macro-analysis/global_universe/data/valuations/1626.T.csv,False,no_data,no_valuation_fields,2025-09-16T11:50:21+09:00
Japan,sectors,Electric_Power_Gas,1627.T,False,1627.T,/home/runner/work/Macro-analysis/Macro-analysis/global_universe/data/valuations/1627.T.csv,False,no_data,no_valuation_fields,2025-09-16T11:50:21+09:00
Japan,sectors,Transportation_Logistics,1628.T,False,1628.T,/home/runner/work/Macro-analysis/Macro-analysis/global_universe/data/valuations/1628.T.csv,False,no_data,no_valuation_fields,2025-09-16T11:50:21+09:00
Japan,sectors,Commercial_Wholesale,1629.T,False,1629.T,/home/runner/work/Macro-analysis/Macro-analysis/global_universe/data/valuations/1629.T.csv,False,no_data,no_valuation_fields,2025-09-16T11:50:21+09:00
Japan,sectors,Retail_Trade,1630.T,False,1630.T,/home/runner/work/Macro-analysis/Macro-analysis/global_universe/data/valuations/1630.T.csv,False,no_data,no_valuation_fields,2025-09-16T11:50:21+09:00
Japan,sectors,Financials_ex_Banks,1632.T,False,1632.T,/home/runner/work/Macro-analysis/Macro-analysis/global_universe/data/valuations/1632.T.csv,False,no_data,no_valuation_fields,2025-09-16T11:50:21+09:00
Japan,sectors,Real_Estate,1633.T,False,1633.T,/home/runner/work/Macro-analysis/Macro-analysis/global_universe/data/valuations/1633.T.csv,False,no_data,no_valuation_fields,2025-09-16T11:50:21+09:00
Japan,sectors,REITs,1488.T,False,1488.T,/home/runner/work/Macro-analysis/Macro-analysis/global_universe/data/valuations/1488.T.csv,False,no_data,no_valuation_fields,2025-09-16T11:50:21+09:00
Japan,factors,Large_Cap,EWJ,False,EWJ,/home/runner/work/Macro-analysis/Macro-analysis/global_universe/data/valuations/EWJ.csv,False,no_data,no_valuation_fields,2025-09-16T11:50:21+09:00
Japan,factors,Small_Cap,SCJ,False,SCJ,/home/runner/work/Macro-analysis/Macro-analysis/global_universe/data/valuations/SCJ.csv,False,no_data,no_valuation_fields,2025-09-16T11:50:21+09:00
Japan,factors,Value,EWJV,False,EWJV,/home/runner/work/Macro-analysis/Macro-analysis/global_universe/data/valuations/EWJV.csv,False,no_data,no_valuation_fields,2025-09-16T11:50:21+09:00
Japan,factors,Gov_Bonds,2561.T,False,2561.T,/home/runner/work/Macro-analysis/Macro-analysis/global_universe/data/valuations/2561.T.csv,False,no_data,no_valuation_fields,2025-09-16T11:50:21+09:00
Japan,factors,Biotech,2639.T,False,2639.T,/home/runner/work/Macro-analysis/Macro-analysis/global_universe/data/valuations/2639.T.csv,False,no_data,no_valuation_fields,2025-09-16T11:50:21+09:00
Japan,factors,Quality,1480.T,False,1480.T,/home/runner/work/Macro-analysis/Macro-analysis/global_universe/data/valuations/1480.T.csv,False,no_data,no_valuation_fields,2025-09-16T11:50:21+09:00
Japan,factors,Low_Vol,1477.T,False,1477.T,/home/runner/work/Macro-analysis/Macro-analysis/global_universe/data/valuations/1477.T.csv,False,no_data,no_valuation_fields,2025-09-16T11:50:21+09:00
Japan,factors,Shareholder_Return,2529.T,False,2529.T,/home/runner/work/Macro-analysis/Macro-analysis/global_universe/data/valuations/2529.T.csv,False,no_data,no_valuation_fields,2025-09-16T11:50:21+09:00
Japan,factors,High_Dividend_JP,2564.T,False,2564.T,/home/runner/work/Macro-analysis/Macro-analysis/global_universe/data/valuations/2564.T.csv,False,no_data,no_valuation_fields,2025-09-16T11:50:21+09:00
Japan,factors,Dividend_Growth_JP,1494.T,False,1494.T,/home/runner/work/Macro-analysis/Macro-analysis/global_universe/data/valuations/1494.T.csv,False,no_data,no_valuation_fields,2025-09-16T11:50:21+09:00
Japan,factors,LowVol_HighDiv_JP,1399.T,False,1399.T,/home/runner/work/Macro-analysis/Macro-analysis/global_universe/data/valuations/1399.T.csv,False,no_data,no_valuation_fields,2025-09-16T11:50:21+09:00
Japan,factors,Agg_Bond_JP,2510.T,False,2510.T,/home/runner/work/Macro-analysis/Macro-analysis/global_universe/data/valuations/2510.T.csv,False,no_data,no_valuation_fields,2025-09-16T11:50:21+09:00
Korea,sectors,Broad_Market,EWY,False,EWY,/home/runner/work/Macro-analysis/Macro-analysis/global_universe/data/valuations/EWY.csv,False,no_data,no_valuation_fields,2025-09-16T11:50:21+09:00
Korea,sectors,Technology,139260.KS,False,139260.KS,/home/runner/work/Macro-analysis/Macro-analysis/global_universe/data/valuations/139260.KS.csv,False,no_data,no_valuation_fields,2025-09-16T11:50:21+09:00
Korea,sectors,Semiconductors,091230.KS,False,091230.KS,/home/runner/work/Macro-analysis/Macro-analysis/global_universe/data/valuations/091230.KS.csv,False,no_data,no_valuation_fields,2025-09-16T11:50:21+09:00
Korea,sectors,Software,157490.KS,False,157490.KS,/home/runner/work/Macro-analysis/Macro-analysis/global_universe/data/valuations/157490.KS.csv,False,no_data,no_valuation_fields,2025-09-16T11:50:21+09:00
Korea,sectors,Comm_Services,315270.KS,False,315270.KS,/home/runner/work/Macro-analysis/Macro-analysis/global_universe/data/valuations/315270.KS.csv,False,no_data,no_valuation_fields,2025-09-16T11:50:21+09:00
Korea,sectors,Cons_Discr.,139290.KS,False,139290.KS,/home/runner/work/Macro-analysis/Macro-analysis/global_universe/data/valuations/139290.KS.csv,False,no_data,no_valuation_fields,2025-09-16T11:50:21+09:00
Korea,sectors,Cons_Staples,227560.KS,False,227560.KS,/home/runner/work/Macro-analysis/Macro-analysis/global_universe/data/valuations/227560.KS.csv,False,no_data,no_valuation_fields,2025-09-16T11:50:21+09:00
Korea,sectors,Defense,449450.KS,False,449450.KS,/home/runner/work/Macro-analysis/Macro-analysis/global_universe/data/valuations/449450.KS.csv,False,no_data,no_valuation_fields,2025-09-16T11:50:21+09:00
Korea,sectors,Energy,139250.KS,False,139250.KS,/home/runner/work/Macro-analysis/Macro-analysis/global_universe/data/valuations/139250.KS.csv,False,no_data,no_valuation_fields,2025-09-16T11:50:21+09:00
Korea,sectors,Financials,139270.KS,False,139270.KS,/home/runner/work/Macro-analysis/Macro-analysis/global_universe/data/valuations/139270.KS.csv,False,no_data,no_valuation_fields,2025-09-16T11:50:21+09:00
Korea,sectors,Insurance,140700.KS,False,140700.KS,/home/runner/work/Macro-analysis/Macro-analysis/global_universe/data/valuations/140700.KS.csv,False,no_data,no_valuation_fields,2025-09-16T11:50:21+09:00
Korea,sectors,Healthcare,227540.KS,False,227540.KS,/home/runner/work/Macro-analysis/Macro-analysis/global_universe/data/valuations/227540.KS.csv,False,no_data,no_valuation_fields,2025-09-16T11:50:21+09:00
Korea,sectors,Biotech,244580.KS,False,244580.KS,/home/runner/work/Macro-analysis/Macro-analysis/global_universe/data/valuations/244580.KS.csv,False,no_data,no_valuation_fields,2025-09-16T11:50:21+09:00
Korea,sectors,Real_Estate,476800.KS,False,476800.KS,/home/runner/work/Macro-analysis/Macro-analysis/global_universe/data/valuations/476800.KS.csv,False,no_data,no_valuation_fields,2025-09-16T11:50:21+09:00
Korea,sectors,Shipbuilding,466920.KS,False,466920.KS,/home/runner/work/Macro-analysis/Macro-analysis/global_universe/data/valuations/466920.KS.csv,False,no_data,no_valuation_fields,2025-09-16T11:50:21+09:00
Korea,sectors,Automobiles,091180.KS,False,091180.KS,/home/runner/work/Macro-analysis/Macro-analysis/global_universe/data/valuations/091180.KS.csv,False,no_data,no_valuation_fields,2025-09-16T11:50:21+09:00
Korea,factors,Gov_Bonds,385560.KS,False,385560.KS,/home/runner/work/Macro-analysis/Macro-analysis/global_universe/data/valuations/385560.KS.csv,False,no_data,no_valuation_fields,2025-09-16T11:50:21+09:00
Korea,factors,Dividend_Growth,211560.KS,False,211560.KS,/home/runner/work/Macro-analysis/Macro-analysis/global_universe/data/valuations/211560.KS.csv,False,no_data,no_valuation_fields,2025-09-16T11:50:21+09:00
Korea,factors,High_Dividend,210780.KS,False,210780.KS,/home/runner/work/Macro-analysis/Macro-analysis/global_universe/data/valuations/210780.KS.csv,False,no_data,no_valuation_fields,2025-09-16T11:50:21+09:00
Korea,factors,Momentum,147970.KS,False,147970.KS,/home/runner/work/Macro-analysis/Macro-analysis/global_universe/data/valuations/147970.KS.csv,False,no_data,no_valuation_fields,2025-09-16T11:50:21+09:00
Korea,factors,Quality,275300.KS,False,275300.KS,/home/runner/work/Macro-analysis/Macro-analysis/global_universe/data/valuations/275300.KS.csv,False,no_data,no_valuation_fields,2025-09-16T11:50:21+09:00
Korea,factors,Low_Vol,215620.KS,False,215620.KS,/home/runner/work/Macro-analysis/Macro-analysis/global_universe/data/valuations/215620.KS.csv,False,no_data,no_valuation_fields,2025-09-16T11:50:21+09:00
Korea,factors,Agg_Bond_KR,273130.KS,False,273130.KS,/home/runner/work/Macro-analysis/Macro-analysis/global_universe/data/valuations/273130.KS.csv,False,no_data,no_valuation_fields,2025-09-16T11:50:21+09:00
China,sectors,Broad_Market,FXI,False,FXI,/home/runner/work/Macro-analysis/Macro-analysis/global_universe/data/valuations/FXI.csv,False,no_data,no_valuation_fields,2025-09-16T11:50:21+09:00
China,sectors,Broad_Market_US_ETF,MCHI,False,MCHI,/home/runner/work/Macro-analysis/Macro-analysis/global_universe/data/valuations/MCHI.csv,False,no_data,no_valuation_fields,2025-09-16T11:50:21+09:00
China,sectors,Technology,CQQQ,False,CQQQ,/home/runner/work/Macro-analysis/Macro-analysis/global_universe/data/valuations/CQQQ.csv,False,no_data,no_valuation_fields,2025-09-16T11:50:21+09:00
China,sectors,Consumer,CHIQ,False,CHIQ,/home/runner/work/Macro-analysis/Macro-analysis/global_universe/data/valuations/CHIQ.csv,False,no_data,no_valuation_fields,2025-09-16T11:50:21+09:00
China,sectors,Cons_Staples,CHIS,False,CHIS,/home/runner/work/Macro-analysis/Macro-analysis/global_universe/data/valuations/CHIS.csv,False,no_data,no_valuation_fields,2025-09-16T11:50:21+09:00
China,sectors,Financials,CHIX,False,CHIX,/home/runner/work/Macro-analysis/Macro-analysis/global_universe/data/valuations/CHIX.csv,False,no_data,no_valuation_fields,2025-09-16T11:50:21+09:00
China,sectors,Financials_Local,510230.SS,False,510230.SS,/home/runner/work/Macro-analysis/Macro-analysis/global_universe/data/valuations/510230.SS.csv,False,no_data,no_valuation_fields,2025-09-16T11:50:21+09:00
China,sectors,Industrials,CHII,False,CHII,/home/runner/work/Macro-analysis/Macro-analysis/global_universe/data/valuations/CHII.csv,False,no_data,no_valuation_fields,2025-09-16T11:50:21+09:00
China,sectors,Materials,CHIM,False,CHIM,/home/runner/work/Macro-analysis/Macro-analysis/global_universe/data/valuations/CHIM.csv,False,no_data,no_valuation_fields,2025-09-16T11:50:21+09:00
China,sectors,Energy,CHIE,False,CHIE,/home/runner/work/Macro-analysis/Macro-analysis/global_universe/data/valuations/CHIE.csv,False,no_data,no_valuation_fields,2025-09-16T11:50:21+09:00
China,sectors,Utilities,CHIU,False,CHIU,/home/runner/work/Macro-analysis/Macro-analysis/global_universe/data/valuations/CHIU.csv,False,no_data,no_valuation_fields,2025-09-16T11:50:21+09:00
China,sectors,Comm_Services,CHIC,False,CHIC,/home/runner/work/Macro-analysis/Macro-analysis/global_universe/data/valuations/CHIC.csv,False,no_data,no_valuation_fields,2025-09-16T11:50:21+09:00
China,sectors,Real_Estate,CHIR,False,CHIR,/home/runner/work/Macro-analysis/Macro-analysis/global_universe/data/valuations/CHIR.csv,False,no_data,no_valuation_fields,2025-09-16T11:50:21+09:00
China,sectors,Healthcare,CHIH,False,CHIH,/home/runner/work/Macro-analysis/Macro-analysis/global_universe/data/valuations/CHIH.csv,False,no_data,no_valuation_fields,2025-09-16T11:50:21+09:00
China,sectors,Banks,CHIX,False,CHIX,/home/runner/work/Macro-analysis/Macro-analysis/global_universe/data/valuations/CHIX.csv,False,no_data,no_valuation_fields,2025-09-16T11:50:21+09:00
China,sectors,Banks_Local,512800.SS,False,512800.SS,/home/runner/work/Macro-analysis/Macro-analysis/global_universe/data/valuations/512800.SS.csv,False,no_data,no_valuation_fields,2025-09-16T11:50:21+09:00
China,sectors,Biotech,2820.HK,False,2820.HK,/home/runner/work/Macro-analysis/Macro-analysis/global_universe/data/valuations/2820.HK.csv,False,no_data,no_valuation_fields,2025-09-16T11:50:21+09:00
China,sectors,Software,159852.SZ,False,159852.SZ,/home/runner/work/Macro-analysis/Macro-analysis/global_universe/data/valuations/159852.SZ.csv,False,no_data,no_valuation_fields,2025-09-16T11:50:21+09:00
China,sectors,Telecom_Equip_CN,515880.SS,False,515880.SS,/home/runner/work/Macro-analysis/Macro-analysis/global_universe/data/valuations/515880.SS.csv,False,no_data,no_valuation_fields,2025-09-16T11:50:21+09:00
China,sectors,Food_Beverage_CN,159736.SZ,False,159736.SZ,/home/runner/work/Macro-analysis/Macro-analysis/global_universe/data/valuations/159736.SZ.csv,False,no_data,no_valuation_fields,2025-09-16T11:50:21+09:00
China,sectors,Pharma_CN,159992.SZ,False,159992.SZ,/home/runner/work/Macro-analysis/Macro-analysis/global_universe/data/valuations/159992.SZ.csv,False,no_data,no_valuation_fields,2025-09-16T11:50:21+09:00
China,sectors,Insurance,,False,,/home/runner/work/Macro-analysis/Macro-analysis/global_universe/data/valuations/.csv,False,no_data,no_recent_price_bar,2025-09-16T11:50:21+09:00
China,factors,Large_Cap,FXI,False,FXI,/home/runner/work/Macro-analysis/Macro-analysis/global_universe/data/valuations/FXI.csv,False,no_data,no_valuation_fields,2025-09-16T11:50:21+09:00
China,factors,Small_Cap,ECNS,False,ECNS,/home/runner/work/Macro-analysis/Macro-analysis/global_universe/data/valuations/ECNS.csv,False,no_data,no_valuation_fields,2025-09-16T11:50:21+09:00
China,factors,A_Shares,ASHR,False,ASHR,/home/runner/work/Macro-analysis/Macro-analysis/global_universe/data/valuations/ASHR.csv,False,no_data,no_valuation_fields,2025-09-16T11:50:21+09:00
China,factors,CSI_300,000300.SS,False,000300.SS,/home/runner/work/Macro-analysis/Macro-analysis/global_universe/data/valuations/000300.SS.csv,False,no_data,no_valuation_fields,2025-09-16T11:50:21+09:00
China,factors,Growth,CNXT,False,CNXT,/home/runner/work/Macro-analysis/Macro-analysis/global_universe/data/valuations/CNXT.csv,False,no_data,no_valuation_fields,2025-09-16T11:50:21+09:00
China,factors,Quality_CN,,False,,/home/runner/work/Macro-analysis/Macro-analysis/global_universe/data/valuations/.csv,False,no_data,no_recent_price_bar,2025-09-16T11:50:21+09:00
China,factors,Low_Vol_CN,515300.SS,False,515300.SS,/home/runner/work/Macro-analysis/Macro-analysis/global_universe/data/valuations/515300.SS.csv,False,no_data,no_valuation_fields,2025-09-16T11:50:21+09:00
China,factors,High_Dividend_HK,3070.HK,False,3070.HK,/home/runner/work/Macro-analysis/Macro-analysis/global_universe/data/valuations/3070.HK.csv,False,no_data,no_valuation_fields,2025-09-16T11:50:21+09:00
China,factors,LowVol_HighDiv_CN,515100.SS,False,515100.SS,/home/runner/work/Macro-analysis/Macro-analysis/global_universe/data/valuations/515100.SS.csv,False,no_data,no_valuation_fields,2025-09-16T11:50:21+09:00
Canada,sectors,Broad_Market,^GSPTSE,False,^GSPTSE,/home/runner/work/Macro-analysis/Macro-analysis/global_universe/data/valuations/IDX_GSPTSE.csv,False,no_data,no_valuation_fields,2025-09-16T11:50:21+09:00
Canada,sectors,Broad_Market_ETF,EWC,False,EWC,/home/runner/work/Macro-analysis/Macro-analysis/global_universe/data/valuations/EWC.csv,False,no_data,no_valuation_fields,2025-09-16T11:50:21+09:00
Brazil,sectors,Broad_Market,^BVSP,False,^BVSP,/home/runner/work/Macro-analysis/Macro-analysis/global_universe/data/valuations/IDX_BVSP.csv,False,no_data,no_valuation_fields,2025-09-16T11:50:21+09:00
Mexico,sectors,Broad_Market,EWW,False,EWW,/home/runner/work/Macro-analysis/Macro-analysis/global_universe/data/valuations/EWW.csv,False,no_data,no_valuation_fields,2025-09-16T11:50:21+09:00
Argentina,sectors,Broad_Market,ARGT,False,ARGT,/home/runner/work/Macro-analysis/Macro-analysis/global_universe/data/valuations/ARGT.csv,False,no_data,no_valuation_fields,2025-09-16T11:50:21+09:00
Colombia,sectors,Broad_Market,ICOL,False,ICOL,/home/runner/work/Macro-analysis/Macro-analysis/global_universe/data/valuations/ICOL.csv,False,no_data,no_valuation_fields,2025-09-16T11:50:21+09:00
Global_ExUS,sectors,Broad_Market,ACWX,False,ACWX,/home/runner/work/Macro-analysis/Macro-analysis/global_universe/data/valuations/ACWX.csv,False,no_data,no_valuation_fields,2025-09-16T11:50:21+09:00
Global_ExUS,sectors,Broad_ExUS,IXUS,False,IXUS,/home/runner/work/Macro-analysis/Macro-analysis/global_universe/data/valuations/IXUS.csv,False,no_data,no_valuation_fields,2025-09-16T11:50:21+09:00
Global_ExUS,sectors,Developed_exUS,EFA,False,EFA,/home/runner/work/Macro-analysis/Macro-analysis/global_universe/data/valuations/EFA.csv,False,no_data,no_valuation_fields,2025-09-16T11:50:21+09:00
Global_ExUS,sectors,Emerging_Markets,EEM,False,EEM,/home/runner/work/Macro-analysis/Macro-analysis/global_universe/data/valuations/EEM.csv,False,no_data,no_valuation_fields,2025-09-16T11:50:21+09:00
Global_ExUS,sectors,EM_ex_China,EMXC,False,EMXC,/home/runner/work/Macro-analysis/Macro-analysis/global_universe/data/valuations/EMXC.csv,False,no_data,no_valuation_fields,2025-09-16T11:50:21+09:00
Global_ExUS,sectors,Pacific_Developed,VPL,False,VPL,/home/runner/work/Macro-analysis/Macro-analysis/global_universe/data/valuations/VPL.csv,False,no_data,no_valuation_fields,2025-09-16T11:50:21+09:00
Global_ExUS,sectors,Latin_America,ILF,False,ILF,/home/runner/work/Macro-analysis/Macro-analysis/global_universe/data/valuations/ILF.csv,False,no_data,no_valuation_fields,2025-09-16T11:50:21+09:00
Global_ExUS,sectors,Eurozone,EZU,False,EZU,/home/runner/work/Macro-analysis/Macro-analysis/global_universe/data/valuations/EZU.csv,False,no_data,no_valuation_fields,2025-09-16T11:50:21+09:00
Singapore,sectors,Broad_Market,EWS,False,EWS,/home/runner/work/Macro-analysis/Macro-analysis/global_universe/data/valuations/EWS.csv,False,no_data,no_valuation_fields,2025-09-16T11:50:21+09:00
Indonesia,sectors,Broad_Market,EIDO,False,EIDO,/home/runner/work/Macro-analysis/Macro-analysis/global_universe/data/valuations/EIDO.csv,False,no_data,no_valuation_fields,2025-09-16T11:50:21+09:00
Thailand,sectors,Broad_Market,THD,False,THD,/home/runner/work/Macro-analysis/Macro-analysis/global_universe/data/valuations/THD.csv,False,no_data,no_valuation_fields,2025-09-16T11:50:21+09:00
Malaysia,sectors,Broad_Market,EWM,False,EWM,/home/runner/work/Macro-analysis/Macro-analysis/global_universe/data/valuations/EWM.csv,False,no_data,no_valuation_fields,2025-09-16T11:50:21+09:00
Vietnam,sectors,Broad_Market,VNM,False,VNM,/home/runner/work/Macro-analysis/Macro-analysis/global_universe/data/valuations/VNM.csv,False,no_data,no_valuation_fields,2025-09-16T11:50:21+09:00
India,sectors,Broad_Market,^NSEI,False,^NSEI,/home/runner/work/Macro-analysis/Macro-analysis/global_universe/data/valuations/IDX_NSEI.csv,False,no_data,no_valuation_fields,2025-09-16T11:50:21+09:00
India,sectors,Financials,INDF,False,INDF,/home/runner/work/Macro-analysis/Macro-analysis/global_universe/data/valuations/INDF.csv,False,no_data,no_valuation_fields,2025-09-16T11:50:21+09:00
India,sectors,Consumer,INCO,False,INCO,/home/runner/work/Macro-analysis/Macro-analysis/global_universe/data/valuations/INCO.csv,False,no_data,no_valuation_fields,2025-09-16T11:50:21+09:00
India,sectors,Technology,INQQ,False,INQQ,/home/runner/work/Macro-analysis/Macro-analysis/global_universe/data/valuations/INQQ.csv,False,no_data,no_valuation_fields,2025-09-16T11:50:21+09:00
India,sectors,Small_Cap,SMIN,False,SMIN,/home/runner/work/Macro-analysis/Macro-analysis/global_universe/data/valuations/SMIN.csv,False,no_data,no_valuation_fields,2025-09-16T11:50:21+09:00
India,sectors,Value(Proxy),EPI,False,EPI,/home/runner/work/Macro-analysis/Macro-analysis/global_universe/data/valuations/EPI.csv,False,no_data,no_valuation_fields,2025-09-16T11:50:21+09:00
UK,sectors,Broad_Market,^FTSE,False,^FTSE,/home/runner/work/Macro-analysis/Macro-analysis/global_universe/data/valuations/IDX_FTSE.csv,False,no_data,no_valuation_fields,2025-09-16T11:50:21+09:00
UK,sectors,Broad_Market_ETF,EWU,False,EWU,/home/runner/work/Macro-analysis/Macro-analysis/global_universe/data/valuations/EWU.csv,False,no_data,no_valuation_fields,2025-09-16T11:50:21+09:00
France,sectors,Broad_Market,^FCHI,False,^FCHI,/home/runner/work/Macro-analysis/Macro-analysis/global_universe/data/valuations/IDX_FCHI.csv,False,no_data,no_valuation_fields,2025-09-16T11:50:21+09:00
France,sectors,Broad_Market_ETF,EWQ,False,EWQ,/home/runner/work/Macro-analysis/Macro-analysis/global_universe/data/valuations/EWQ.csv,False,no_data,no_valuation_fields,2025-09-16T11:50:21+09:00
Italy,sectors,Broad_Market,FTSEMIB.MI,False,FTSEMIB.MI,/home/runner/work/Macro-analysis/Macro-analysis/global_universe/data/valuations/FTSEMIB.MI.csv,False,no_data,no_valuation_fields,2025-09-16T11:50:21+09:00
Italy,sectors,Broad_Market_ETF,EWI,False,EWI,/home/runner/work/Macro-analysis/Macro-analysis/global_universe/data/valuations/EWI.csv,False,no_data,no_valuation_fields,2025-09-16T11:50:21+09:00
Spain,sectors,Broad_Market,^IBEX,False,^IBEX,/home/runner/work/Macro-analysis/Macro-analysis/global_universe/data/valuations/IDX_IBEX.csv,False,no_data,no_valuation_fields,2025-09-16T11:50:21+09:00
Spain,sectors,Broad_Market_ETF,EWP,False,EWP,/home/runner/work/Macro-analysis/Macro-analysis/global_universe/data/valuations/EWP.csv,False,no_data,no_valuation_fields,2025-09-16T11:50:21+09:00
Taiwan,sectors,Broad_Market,^TWII,False,^TWII,/home/runner/work/Macro-analysis/Macro-analysis/global_universe/data/valuations/IDX_TWII.csv,False,no_data,no_valuation_fields,2025-09-16T11:50:21+09:00
Taiwan,sectors,Broad_Market_ETF,EWT,False,EWT,/home/runner/work/Macro-analysis/Macro-analysis/global_universe/data/valuations/EWT.csv,False,no_data,no_valuation_fields,2025-09-16T11:50:21+09:00
Hong_Kong,sectors,Broad_Market,^HSI,False,^HSI,/home/runner/work/Macro-analysis/Macro-analysis/global_universe/data/valuations/IDX_HSI.csv,False,no_data,no_valuation_fields,2025-09-16T11:50:21+09:00
Hong_Kong,factors,Hang_Seng_Tech,3033.HK,False,3033.HK,/home/runner/work/Macro-analysis/Macro-analysis/global_universe/data/valuations/3033.HK.csv,False,no_data,no_valuation_fields,2025-09-16T11:50:21+09:00
Hong_Kong,factors,Gov_Bonds_HK,3199.HK,False,3199.HK,/home/runner/work/Macro-analysis/Macro-analysis/global_universe/data/valuations/3199.HK.csv,False,no_data,no_valuation_fields,2025-09-16T11:50:21+09:00
Australia,sectors,Broad_Market,EWA,False,EWA,/home/runner/work/Macro-analysis/Macro-analysis/global_universe/data/valuations/EWA.csv,False,no_data,no_valuation_fields,2025-09-16T11:50:21+09:00
Sweden,sectors,Broad_Market,EWD,False,EWD,/home/runner/work/Macro-analysis/Macro-analysis/global_universe/data/valuations/EWD.csv,False,no_data,no_valuation_fields,2025-09-16T11:50:21+09:00
Greece,sectors,Broad_Market,GREK,False,GREK,/home/runner/work/Macro-analysis/Macro-analysis/global_universe/data/valuations/GREK.csv,False,no_data,no_valuation_fields,2025-09-16T11:50:21+09:00
Switzerland,sectors,Broad_Market,EWL,False,EWL,/home/runner/work/Macro-analysis/Macro-analysis/global_universe/data/valuations/EWL.csv,False,no_data,no_valuation_fields,2025-09-16T11:50:21+09:00
Israel,sectors,Broad_Market,EIS,False,EIS,/home/runner/work/Macro-analysis/Macro-analysis/global_universe/data/valuations/EIS.csv,False,no_data,no_valuation_fields,2025-09-16T11:50:21+09:00
Turkey,sectors,Broad_Market,TUR,False,TUR,/home/runner/work/Macro-analysis/Macro-analysis/global_universe/data/valuations/TUR.csv,False,no_data,no_valuation_fields,2025-09-16T11:50:21+09:00
